round,task,family,quick_delta_pp,quick_cfg,med_delta_pp,med_cfg,reversal_qpos_mnonpos
77,arc_seed0_discovery,other,0.999160075593196,scalar_l8_train8e5,0.2932230601028249,scalar_l8_train8e5,False
77,hotpot_seed0_discovery,hotpot,1.9183519183519195,scalar_l8_train8e5,-0.11842261842261587,scalar_l8_train8e5,True
78,protein_ss_seed0_discovery,protein_ss,3.5957750623106466,scalar_l8_train1e4,3.5957750623106466,scalar_l8_train1e4,False
79,hotpot_seed1_discovery,hotpot,5.1234801234801255,scalar_l8_train1e4,2.160995494328831,scalar_l8_train1e4,False
80,arc_seed1_discovery,other,0.4059634632883044,scalar_l8_sched_cos,,,False
81,punc_seed1_anchor,other,5.1234801234801255,scalar_l8_train1e4,2.160995494328831,scalar_l8_train1e4,False
81,squad_seed2_anchor,squad,1.010101010101011,scalar_l8_train1e4,0.7139972833278829,scalar_l8_train1e4,False
82,mbpp_seed2_anchor,mbpp,2.0777691632379303,scalar_l8_sched_cos,0.8918787288445196,scalar_l8_sched_cos,False
82,squad_seed0_anchor,squad,0.7239048869563253,scalar_l8_train1e4,,,False
89,protein_contact_seed0_discovery_fix,protein_contact,0.0,scalar_l8_train1e4,,,False
90,protein_contact_seed1_discovery_fix,protein_contact,0.0,scalar_l8_train1e4,,,False
91,arc_seed2_discovery,other,-0.5057044865962063,scalar_l8_train1e4,,,False
91,hotpot_seed2_discovery,hotpot,1.0952346121279863,scalar_l8_train8e5,-2.737416904083571,scalar_l8_train8e5,True
92,protein_ss_seed1_discovery,protein_ss,9.386116087363444,head_l8,2.3892985164087444,head_l8,False
93,mbpp_seed0_anchor,mbpp,2.860399478940512,scalar_l8_train8e5,2.0300310395149457,scalar_l8_train8e5,False
93,squad_seed3_anchor,squad,-0.2590673575129515,scalar_l8_train8e5,,,False
94,punc_seed0_anchor,other,1.9183519183519195,scalar_l8_train8e5,-0.11842261842261587,scalar_l8_train8e5,True
94,squad_seed1_anchor,squad,-0.24850036288363575,scalar_l8_train1e4,,,False
95,mbpp_seed1_anchor,mbpp,2.2538821046283686,scalar_l8_train8e5,-1.512903412415878,scalar_l8_train8e5,True
95,protein_ss_seed2_discovery,protein_ss,-0.25210858241710987,scalar_l8_train1e4,,,False
96,mbpp_seed3_anchor,mbpp,-0.5088195386702854,scalar_l8_train1e4,,,False
96,protein_ss_seed3_discovery,protein_ss,1.6810225062517337,scalar_l8_train1e4,1.6810225062517337,scalar_l8_train1e4,False
97,hotpot_seed3_discovery,hotpot,-0.5244755244755261,scalar_l8_train1e4,,,False
97,squad_seed2_anchor_recheck,squad,1.010101010101011,scalar_l8_train1e4,0.7139972833278829,scalar_l8_train1e4,False
98,arc_seed3_discovery,other,-0.5057044865962063,scalar_l8_sched_cos,,,False
98,punc_seed1_anchor_recheck,other,5.1234801234801255,scalar_l8_train1e4,2.160995494328831,scalar_l8_train1e4,False
99,mbpp_seed2_headprobe,mbpp,3.4077047295529352,head_l10_strong,2.2820396084680175,head_l10_strong,False
99,protein_ss_seed4_discovery,protein_ss,4.903993004038377,scalar_l8_train8e5,4.903993004038377,scalar_l8_train8e5,False
100,arc_seed0_headprobe,other,0.999160075593196,scalar_l8_train8e5,0.2932230601028249,scalar_l8_train8e5,False
100,hotpot_seed1_headprobe,hotpot,5.1234801234801255,scalar_l8_train1e4,2.160995494328831,scalar_l8_train1e4,False
101,punc_seed1_anchor_recheck2,other,5.1234801234801255,scalar_l8_train1e4,2.160995494328831,scalar_l8_train1e4,False
101,squad_seed2_anchor_recheck2,squad,1.010101010101011,scalar_l8_train1e4,0.7139972833278829,scalar_l8_train1e4,False
102,mbpp_seed0_anchor_recheck2,mbpp,1.4328890423342178,scalar_l8_sched_cos,1.1953477784424404,scalar_l8_sched_cos,False
102,protein_ss_seed1_anchor_recheck,protein_ss,9.386116087363444,head_l8,2.3892985164087444,head_l8,False
103,hotpot_seed4_discovery,hotpot,0.7894807894807911,scalar_l8_train1e4,,,False
103,protein_ss_seed5_discovery,protein_ss,5.2178006590438475,head_l8,1.6220527330259138,head_l8,False
104,arc_seed4_discovery,other,2.8347448729614326,scalar_l8_train1e4,2.727101282693402,scalar_l8_train1e4,False
104,mbpp_seed4_headprobe,mbpp,2.250113071008597,scalar_l8_sched_cos,1.288920690190426,scalar_l8_sched_cos,False
105,arc_seed5_discovery,other,-2.1855533002029817,scalar_l8_train1e4,,,False
105,protein_ss_seed6_discovery,protein_ss,0.442980873760912,scalar_l8_train1e4,,,False
106,hotpot_seed5_discovery,hotpot,-1.282051282051283,scalar_l8_train1e4,,,False
106,mbpp_seed5_headprobe,mbpp,-1.010101010101011,head_l10_strong,,,False
107,arc_mc_seed0_discovery,arc_mc,-4.166666666666669,scalar_l8_train1e4,,,False
107,hotpot_longctx_seed0_discovery,hotpot,0.0,scalar_l8_train1e4,,,False
108,protein_ss_seed7_discovery,protein_ss,-2.562327919371543,head_l8,,,False
109,arc_seed6_discovery,other,0.23577634110491102,head_l8,,,False
109,hotpot_seed6_discovery,hotpot,2.8596253596253605,scalar_l8_train1e4,3.587111322883681,scalar_l8_train1e4,False
110,mbpp_seed6_headprobe,mbpp,-0.06824765761843099,scalar_l8_sched_cos,,,False
111,arc_mc_seed1_discovery,arc_mc,0.0,scalar_l8_train1e4,,,False
111,punc_seed2_anchor,other,-0.6250491390832627,scalar_l8_train8e5,,,False
112,hotpot_longctx_seed1_discovery,hotpot,2.2222222222222228,scalar_l8_train1e4,2.2222222222222228,scalar_l8_train1e4,False
113,hotpot_seed7_discovery,hotpot,0.0,scalar_l8_train1e4,,,False
113,protein_ss_seed8_discovery,protein_ss,0.0,scalar_l8_train1e4,,,False
114,arc_seed7_discovery,other,1.170486444837851,scalar_l8_train1e4,-2.1741894485601767,scalar_l8_train1e4,True
114,mbpp_seed7_headprobe,mbpp,1.7262173978591977,head_l10_strong,-1.04246504119076,head_l10_strong,True
115,punc_seed3_anchor,other,1.1990920960170084,scalar_l8_train1e4,1.5011596036263966,scalar_l8_train1e4,False
116,hotpot_longctx_seed2_discovery,hotpot,0.0,scalar_l8_train1e4,,,False
116,mbpp_longctx_seed0_repair,mbpp_longctx,2.3741690408357052,scalar_l8_train1e4,-6.4475108225108215,scalar_l8_train1e4,True
117,arc_seed8_discovery,other,0.5057044865962048,scalar_l8_train1e4,,,False
117,mbpp_seed8_headprobe,mbpp,-0.32724965810299045,scalar_l8_sched_cos,,,False
118,hotpot_seed8_discovery,hotpot,1.5419265419265429,scalar_l8_train8e5,0.7182068157677926,scalar_l8_train8e5,False
118,protein_ss_seed9_discovery,protein_ss,-0.2912596662596689,head_l8,,,False
119,punc_seed1_anchor_recheck3,other,0.8617864576413823,head_l8,-0.7380591040593049,head_l8,True
120,hotpot_longctx_seed3_discovery,hotpot,0.0,scalar_l8_sched_cos,,,False
120,mbpp_longctx_seed1_repair,mbpp_longctx,0.15540015540015661,scalar_l8_train1e4,,,False
121,hotpot_seed13_discovery,hotpot,5.40906290906291,scalar_l8_train1e4,1.5731959336610493,scalar_l8_train1e4,False
121,protein_ss_seed10_discovery,protein_ss,9.68827922523583,scalar_l8_train8e5,5.9565731014931895,scalar_l8_train8e5,False
122,hotpot_seed14_discovery,hotpot,0.0,scalar_l8_train8e5,,,False
122,protein_ss_seed11_discovery,protein_ss,-0.43859649122807154,scalar_l8_train1e4,,,False
123,hotpot_longctx_seed7_discovery,hotpot,0.0,scalar_l8_train1e4,,,False
123,punc_seed4_anchor,other,0.9080540371073254,scalar_l8_train8e5,0.7989991569620061,scalar_l8_train8e5,False
124,hotpot_longctx_seed8_qfirst_discovery,hotpot,0.0,scalar_l8_train1e4,,,False
124,punc_seed5_anchor,other,0.39169072281655115,scalar_l8_train8e5,,,False
125,hotpot_seed15_discovery,hotpot,-0.11655011655011677,scalar_l8_train1e4,,,False
125,protein_ss_seed12_discovery,protein_ss,-1.5603295559992125,head_l8,,,False
126,hotpot_seed16_discovery,hotpot,-0.018315018315019638,scalar_l8_train1e4,,,False
126,protein_ss_seed13_discovery,protein_ss,-2.496837615920025,scalar_l8_train8e5,,,False
127,hotpot_longctx_seed9_discovery,hotpot,0.0,scalar_l8_train1e4,,,False
127,mbpp_longctx_seed2_repair,mbpp_longctx,4.713804713804713,scalar_l8_train1e4,1.321178821178823,scalar_l8_train1e4,False
128,hotpot_seed17_discovery,hotpot,0.1433251433251445,head_l8,,,False
128,punc_seed6_anchor,other,-0.003931126660901285,scalar_l8_train1e4,,,False
129,arc_mc_seed2_discovery,arc_mc,0.0,scalar_l8_train1e4,,,False
129,protein_contact_seed2_discovery_fix,protein_contact,0.0,scalar_l8_train1e4,,,False
130,hotpot_seed18_discovery,hotpot,0.0,scalar_l8_train1e4,,,False
130,protein_ss_seed14_discovery,protein_ss,-1.0357155615776326,scalar_l8_train1e4,,,False
131,hotpot_longctx_seed10_discovery,hotpot,-4.166666666666667,scalar_l8_train1e4,,,False
131,mbpp_seed9_headprobe,mbpp,0.41125880492396405,scalar_l8_sched_cos,,,False
132,arc_seed9_discovery,other,0.38315441783649956,head_l8,,,False
132,protein_contact_seed3_discovery_fix,protein_contact,0.0,scalar_l8_train1e4,,,False
133,hotpot_seed19_discovery,hotpot,-0.11655011655011677,head_l8,,,False
133,protein_ss_seed15_discovery,protein_ss,-0.40983606557377095,scalar_l8_train1e4,,,False
134,mbpp_seed11_anchor,mbpp,0.8508334300189435,scalar_l8_sched_cos,3.682545522563202,scalar_l8_sched_cos,False
134,punc_seed7_anchor,other,1.1005445905899094,scalar_l8_train1e4,1.1309801328760873,scalar_l8_train1e4,False
135,mbpp_seed10_headprobe,mbpp,0.456633103691928,head_l10_strong,,,False
135,punc_seed8_anchor,other,-0.20703933747412,scalar_l8_train8e5,,,False
136,arc_mc_seed3_discovery,arc_mc,12.5,scalar_l8_sched_cos,12.5,scalar_l8_sched_cos,False
136,hotpot_seed20_discovery,hotpot,0.7843507843507846,scalar_l8_train1e4,,,False
151,mbpp_seed17_headprobe,mbpp,-0.2651955819376661,scalar_l8_train8e5,,,False
151,punc_seed12_anchor,other,-0.5392990094925026,scalar_l8_train8e5,,,False
152,arc_mc_seed10_discovery,arc_mc,0.0,scalar_l8_sched_cos,,,False
152,protein_ss_seed22_discovery,protein_ss,0.6544985575848428,scalar_l8_train8e5,,,False
153,arc_mc_seed11_discovery,arc_mc,4.166666666666669,scalar_l8_train1e4,0.0,scalar_l8_train1e4,True
153,protein_ss_seed23_discovery,protein_ss,0.0,head_l8,,,False
154,hotpot_seed25_discovery,hotpot,6.114156114156114,scalar_l8_train1e4,0.6190689524022865,scalar_l8_train1e4,False
154,mbpp_seed18_headprobe,mbpp,1.0984165509052402,scalar_l8_sched_cos,2.9462087853240004,scalar_l8_sched_cos,False
155,arc_mc_seed12_discovery,arc_mc,8.333333333333337,scalar_l8_train8e5,0.0,scalar_l8_train8e5,True
155,protein_ss_seed24_discovery,protein_ss,5.405404388455237,scalar_l8_train8e5,3.9171869360548617,scalar_l8_train8e5,False
156,mbpp_seed19_anchor,mbpp,2.8944435502292256,scalar_l8_sched_cos,0.6007938374765487,scalar_l8_sched_cos,False
156,punc_seed13_anchor,other,-0.06920724220302182,scalar_l8_train1e4,,,False
157,arc_mc_seed13_discovery,arc_mc,20.833333333333332,scalar_l8_train8e5,20.833333333333332,scalar_l8_train8e5,False
157,hotpot_seed26_discovery,hotpot,7.158382158382159,scalar_l8_train8e5,4.2011892011892025,scalar_l8_train8e5,False
158,mbpp_longctx_seed5_repair,mbpp_longctx,5.033238366571699,scalar_l8_train8e5,-1.152158027158029,scalar_l8_train8e5,True
158,protein_ss_seed25_discovery,protein_ss,2.2979941966173865,scalar_l8_train8e5,6.038481292329351,scalar_l8_train8e5,False
159,mbpp_seed20_headprobe,mbpp,1.7142864824112591,head_l10_strong,2.8703389995006043,head_l10_strong,False
159,punc_seed14_anchor,other,1.0564356529044,head_l8,0.17036593898550473,head_l8,False
160,arc_mc_seed14_discovery,arc_mc,4.1666666666666625,scalar_l8_train1e4,8.333333333333337,scalar_l8_train1e4,False
160,protein_ss_seed26_discovery,protein_ss,0.18423861351973825,head_l8,,,False
161,arc_mc_seed15_discovery,arc_mc,4.166666666666669,scalar_l8_train8e5,0.0,scalar_l8_train8e5,True
161,protein_ss_seed27_discovery,protein_ss,1.9487498928570712,scalar_l8_train1e4,1.9487498928570712,scalar_l8_train1e4,False
162,hotpot_seed27_discovery,hotpot,-0.2598752598752599,scalar_l8_train8e5,,,False
162,mbpp_seed21_headprobe,mbpp,0.9182363707250563,scalar_l8_train8e5,-0.673441892228116,scalar_l8_train8e5,True
163,arc_mc_seed16_discovery,arc_mc,4.1666666666666625,scalar_l8_sched_cos,16.666666666666668,scalar_l8_sched_cos,False
163,protein_ss_seed28_discovery,protein_ss,1.3995536737706482,scalar_l8_train1e4,1.3995536737706482,scalar_l8_train1e4,False
164,mbpp_seed22_anchor,mbpp,2.146488639701305,head_l10_strong,-0.5753956699964924,head_l10_strong,True
164,punc_seed15_anchor,other,0.07121394756477162,head_l8,,,False
165,arc_mc_seed17_discovery,arc_mc,-8.333333333333332,scalar_l8_train1e4,,,False
165,hotpot_seed28_discovery,hotpot,2.6806526806526816,scalar_l8_train8e5,0.5700864034197395,scalar_l8_train8e5,False
166,mbpp_longctx_seed6_repair,mbpp_longctx,4.403004403004404,head_l8,-1.1391386391386398,head_l8,True
166,protein_ss_seed29_discovery,protein_ss,-0.36209553158705887,scalar_l8_train1e4,,,False
167,mbpp_seed23_headprobe,mbpp,3.7309655432009037,head_l10_strong,-1.3246717381598938,head_l10_strong,True
167,punc_seed16_anchor,other,1.3383128433347158,scalar_l8_train8e5,0.22141019007260454,scalar_l8_train8e5,False
168,arc_mc_seed18_discovery,arc_mc,4.166666666666669,scalar_l8_train1e4,8.333333333333332,scalar_l8_train1e4,False
168,protein_ss_seed30_discovery,protein_ss,-0.3430049482681108,scalar_l8_train1e4,,,False
169,arc_mc_seed19_discovery,arc_mc,12.5,scalar_l8_train8e5,4.166666666666669,scalar_l8_train8e5,False
169,protein_ss_seed31_discovery,protein_ss,0.07934610356308269,head_l8,,,False
170,hotpot_seed29_discovery,hotpot,0.641025641025643,scalar_l8_train1e4,,,False
170,mbpp_seed24_headprobe,mbpp,2.8553990579654522,scalar_l8_train8e5,0.5179985940049647,scalar_l8_train8e5,False
171,arc_mc_seed20_discovery,arc_mc,8.333333333333337,scalar_l8_train1e4,8.333333333333337,scalar_l8_train1e4,False
171,protein_ss_seed32_discovery,protein_ss,1.7543859649122806,scalar_l8_train8e5,0.678196282778859,scalar_l8_train8e5,False
172,mbpp_seed25_anchor,mbpp,1.397035828236154,scalar_l8_train8e5,-4.680014187475851,scalar_l8_train8e5,True
172,punc_seed17_anchor,other,0.06527611554212193,scalar_l8_train1e4,,,False
173,arc_mc_seed21_discovery,arc_mc,4.1666666666666625,scalar_l8_train1e4,0.0,scalar_l8_train1e4,True
173,hotpot_seed30_discovery,hotpot,1.7797517797517772,head_l8,0.4757438090771421,head_l8,False
174,mbpp_longctx_seed7_repair,mbpp_longctx,1.640334973668303,scalar_l8_train1e4,0.3348891252117042,scalar_l8_train1e4,False
174,protein_ss_seed33_discovery,protein_ss,1.4166693443009193,scalar_l8_train1e4,1.4166693443009193,scalar_l8_train1e4,False
175,mbpp_seed26_headprobe,mbpp,1.4231484952318407,scalar_l8_train8e5,-1.498360921152625,scalar_l8_train8e5,True
175,punc_seed18_anchor,other,1.332570775640085,head_l8,1.2240574531213162,head_l8,False
176,arc_mc_seed22_discovery,arc_mc,0.0,scalar_l8_sched_cos,,,False
176,protein_ss_seed34_discovery,protein_ss,-3.42803779771661,head_l8,,,False
177,arc_mc_seed23_discovery,arc_mc,0.0,scalar_l8_sched_cos,,,False
177,protein_ss_seed35_discovery,protein_ss,-0.47206691943533774,scalar_l8_train8e5,,,False
178,hotpot_seed31_discovery,hotpot,1.398601398601397,scalar_l8_train8e5,-0.5458404482794721,scalar_l8_train8e5,True
178,mbpp_seed27_headprobe,mbpp,0.03853313808064307,head_l10_strong,,,False
179,arc_mc_seed24_discovery,arc_mc,4.166666666666669,scalar_l8_train1e4,0.0,scalar_l8_train1e4,True
179,protein_ss_seed36_discovery,protein_ss,0.0,head_l8,,,False
180,mbpp_seed28_anchor,mbpp,0.11653087282474384,head_l10_strong,,,False
180,punc_seed19_anchor,other,0.2455740852365329,scalar_l8_train1e4,,,False
181,arc_mc_seed25_discovery,arc_mc,8.333333333333337,scalar_l8_train8e5,0.0,scalar_l8_train8e5,True
181,hotpot_seed32_discovery,hotpot,2.1658719591050426,scalar_l8_train1e4,0.7034087072846751,scalar_l8_train1e4,False
182,mbpp_longctx_seed8_repair,mbpp_longctx,3.0734697401364057,head_l8,0.5375180375180366,head_l8,False
182,protein_ss_seed37_discovery,protein_ss,1.5554760098200282,scalar_l8_train1e4,2.1513498600612913,scalar_l8_train1e4,False
183,mbpp_seed29_headprobe,mbpp,2.007827306667637,scalar_l8_train8e5,-1.8488716192250787,scalar_l8_train8e5,True
183,punc_seed20_anchor,other,1.188753289285302,head_l8,-0.027202253314122238,head_l8,True
184,arc_mc_seed26_discovery,arc_mc,0.0,scalar_l8_train8e5,,,False
184,protein_ss_seed38_discovery,protein_ss,1.776732339886672,head_l8,0.570513898293129,head_l8,False
185,arc_mc_seed27_discovery,arc_mc,0.0,scalar_l8_sched_cos,,,False
185,protein_ss_seed39_discovery,protein_ss,4.143356643356643,scalar_l8_train8e5,-1.5563445552444988,scalar_l8_train8e5,True
186,hotpot_seed33_discovery,hotpot,3.1683287698325318,scalar_l8_train1e4,-0.5256048860699997,scalar_l8_train1e4,True
186,mbpp_seed30_headprobe,mbpp,-1.312713688279299,scalar_l8_train8e5,,,False
187,arc_mc_seed28_discovery,arc_mc,4.1666666666666625,scalar_l8_train8e5,4.166666666666669,scalar_l8_train8e5,False
187,protein_ss_seed40_discovery,protein_ss,0.0,head_l8,,,False
188,mbpp_seed31_anchor,mbpp,0.7346939370706074,head_l10_strong,,,False
188,punc_seed21_anchor,other,1.5426827823237441,head_l8,0.5439187509494153,head_l8,False
189,arc_mc_seed29_discovery,arc_mc,8.333333333333332,scalar_l8_train1e4,-4.1666666666666625,scalar_l8_train1e4,True
189,hotpot_seed34_discovery,hotpot,2.442827442827443,head_l8,0.6166947833614531,head_l8,False
190,mbpp_longctx_seed9_repair,mbpp_longctx,5.749805749805749,scalar_l8_train8e5,-1.5949328449328477,scalar_l8_train8e5,True
190,protein_ss_seed41_discovery,protein_ss,0.0,head_l8,,,False
191,mbpp_seed32_headprobe,mbpp,0.8167164728250631,head_l10_strong,1.6822702431810999,head_l10_strong,False
191,punc_seed22_anchor,other,0.8905340380786275,head_l8,-0.27138774535450105,head_l8,True
192,arc_mc_seed30_discovery,arc_mc,-8.333333333333337,scalar_l8_train8e5,,,False
192,protein_ss_seed42_discovery,protein_ss,0.4994457297088917,scalar_l8_train8e5,,,False
193,arc_mc_seed31_discovery,arc_mc,4.166666666666669,scalar_l8_sched_cos,8.333333333333337,scalar_l8_sched_cos,False
193,protein_ss_seed43_discovery,protein_ss,1.3064804244554473,scalar_l8_train1e4,2.4394758908670044,scalar_l8_train1e4,False
194,hotpot_seed35_discovery,hotpot,-1.0174510174510183,scalar_l8_train1e4,,,False
194,mbpp_seed33_headprobe,mbpp,1.9156870061847409,scalar_l8_sched_cos,-0.3364011102935105,scalar_l8_sched_cos,True
195,arc_mc_seed32_discovery,arc_mc,8.333333333333332,scalar_l8_sched_cos,8.333333333333332,scalar_l8_sched_cos,False
195,protein_ss_seed44_discovery,protein_ss,-1.4426510699322326,head_l8,,,False
196,mbpp_seed34_anchor,mbpp,0.8156948611899528,head_l10_strong,-2.160738012704233,head_l10_strong,True
196,punc_seed23_anchor,other,0.8282520325203255,head_l8,0.3066469367264249,head_l8,False
197,arc_mc_seed33_discovery,arc_mc,4.1666666666666625,scalar_l8_sched_cos,-4.166666666666669,scalar_l8_sched_cos,True
197,hotpot_seed36_discovery,hotpot,-1.398601398601397,scalar_l8_train1e4,,,False
198,mbpp_longctx_seed10_repair,mbpp_longctx,6.958473625140289,head_l8,3.344780219780219,head_l8,False
198,protein_ss_seed45_discovery,protein_ss,3.688892601262533,scalar_l8_train1e4,3.5830351096056425,scalar_l8_train1e4,False
199,mbpp_seed35_headprobe,mbpp,-1.0260434468579271,scalar_l8_sched_cos,,,False
199,punc_seed24_anchor,other,-0.393469131936644,scalar_l8_train8e5,,,False
200,arc_mc_seed34_discovery,arc_mc,0.0,scalar_l8_train1e4,,,False
200,protein_ss_seed46_discovery,protein_ss,0.0,head_l8,,,False
201,arc_mc_seed35_discovery,arc_mc,0.0,scalar_l8_train8e5,,,False
201,protein_ss_seed47_discovery,protein_ss,0.007832080200498304,scalar_l8_train8e5,,,False
202,hotpot_seed37_discovery,hotpot,-0.4977004977004984,head_l8,,,False
202,mbpp_seed36_headprobe,mbpp,-0.44509877089062844,scalar_l8_sched_cos,,,False
203,arc_mc_seed36_discovery,arc_mc,4.1666666666666625,scalar_l8_sched_cos,0.0,scalar_l8_sched_cos,True
203,protein_ss_seed48_discovery,protein_ss,5.394094209883682,scalar_l8_train8e5,2.4608229269351356,scalar_l8_train8e5,False
204,mbpp_seed37_anchor,mbpp,2.359440166222254,scalar_l8_sched_cos,2.5475915700983065,scalar_l8_sched_cos,False
204,punc_seed25_anchor,other,-0.8360196032182826,scalar_l8_train8e5,,,False
205,arc_mc_seed37_discovery,arc_mc,8.333333333333332,scalar_l8_sched_cos,0.0,scalar_l8_sched_cos,True
205,hotpot_seed38_discovery,hotpot,3.0570780570780567,head_l8,-2.0892687559354237,head_l8,True
206,mbpp_longctx_seed11_repair,mbpp_longctx,6.647673314339982,scalar_l8_train8e5,2.088744588744587,scalar_l8_train8e5,False
206,protein_ss_seed49_discovery,protein_ss,-0.03843501410960015,scalar_l8_train8e5,,,False
207,mbpp_seed38_headprobe,mbpp,1.8876481772409415,scalar_l8_train8e5,0.9749919269027352,scalar_l8_train8e5,False
207,punc_seed26_anchor,other,0.003931126660899897,scalar_l8_train8e5,,,False
208,arc_mc_seed38_discovery,arc_mc,0.0,scalar_l8_train8e5,,,False
208,protein_ss_seed50_discovery,protein_ss,0.0,head_l8,,,False
209,arc_mc_seed39_discovery,arc_mc,8.333333333333337,scalar_l8_train1e4,8.333333333333337,scalar_l8_train1e4,False
209,protein_ss_seed51_discovery,protein_ss,0.5631212184490086,head_l8,,,False
210,hotpot_seed39_discovery,hotpot,1.2552762552762553,scalar_l8_train1e4,3.069453069453068,scalar_l8_train1e4,False
210,mbpp_seed39_headprobe,mbpp,2.1456576660196625,scalar_l8_sched_cos,-1.2289195107791362,scalar_l8_sched_cos,True
211,arc_mc_seed40_discovery,arc_mc,4.166666666666669,scalar_l8_sched_cos,4.166666666666669,scalar_l8_sched_cos,False
211,protein_ss_seed52_discovery,protein_ss,1.0754602995982354,scalar_l8_train1e4,1.0754602995982354,scalar_l8_train1e4,False
212,mbpp_seed40_anchor,mbpp,0.3718946931616618,head_l10_strong,,,False
212,punc_seed27_anchor,other,0.6439489338771948,scalar_l8_train8e5,,,False
213,arc_mc_seed41_discovery,arc_mc,4.166666666666669,scalar_l8_sched_cos,4.166666666666669,scalar_l8_sched_cos,False
213,hotpot_seed40_discovery,hotpot,-1.5151515151515151,scalar_l8_train1e4,,,False
214,mbpp_longctx_seed12_repair,mbpp_longctx,2.313735647068979,scalar_l8_train8e5,4.3739593739593765,scalar_l8_train8e5,False
214,protein_ss_seed53_discovery,protein_ss,0.0,head_l8,,,False
215,mbpp_seed41_headprobe,mbpp,-0.7036622421237815,scalar_l8_train8e5,,,False
215,punc_seed28_anchor,other,0.3583138714285894,head_l8,,,False
216,arc_mc_seed42_discovery,arc_mc,-4.166666666666669,scalar_l8_train8e5,,,False
216,protein_ss_seed54_discovery,protein_ss,2.1800485841073636,scalar_l8_train8e5,2.1800485841073636,scalar_l8_train8e5,False
217,arc_mc_seed43_discovery,arc_mc,0.0,scalar_l8_train1e4,,,False
217,protein_ss_seed55_discovery,protein_ss,-3.148673373631045,scalar_l8_train8e5,,,False
218,hotpot_seed41_discovery,hotpot,0.14332514332514312,head_l8,,,False
218,mbpp_seed42_headprobe,mbpp,0.36063735158757826,head_l10_strong,,,False
219,arc_mc_seed44_discovery,arc_mc,4.166666666666669,scalar_l8_train1e4,0.0,scalar_l8_train1e4,True
219,protein_ss_seed56_discovery,protein_ss,2.4392556595946413,scalar_l8_train1e4,4.746110851803209,scalar_l8_train1e4,False
220,mbpp_seed43_anchor,mbpp,0.7889546351084742,head_l10_strong,,,False
220,punc_seed29_anchor,other,0.1840760757912896,scalar_l8_train8e5,,,False
221,arc_mc_seed45_discovery,arc_mc,8.333333333333332,scalar_l8_train1e4,4.166666666666669,scalar_l8_train1e4,False
221,hotpot_seed42_discovery,hotpot,1.7750267750267765,scalar_l8_train8e5,2.2384405717739044,scalar_l8_train8e5,False
222,mbpp_longctx_seed13_repair,mbpp_longctx,1.8648018648018656,scalar_l8_train8e5,10.000000000000004,scalar_l8_train8e5,False
222,protein_ss_seed57_discovery,protein_ss,1.2892808945440537,scalar_l8_train1e4,1.2892808945440537,scalar_l8_train1e4,False
223,mbpp_seed44_headprobe,mbpp,3.2110652246398863,scalar_l8_sched_cos,0.12996363135855393,scalar_l8_sched_cos,False
223,punc_seed30_anchor,other,-0.02767002484390657,head_l8,,,False
224,arc_mc_seed46_discovery,arc_mc,-8.333333333333337,scalar_l8_train1e4,,,False
224,protein_ss_seed58_discovery,protein_ss,4.9633297988561145,head_l8,3.634115557400447,head_l8,False
225,arc_mc_seed47_discovery,arc_mc,4.166666666666669,scalar_l8_sched_cos,4.166666666666669,scalar_l8_sched_cos,False
225,protein_ss_seed59_discovery,protein_ss,6.286873202709364,head_l8,-0.9472393950909819,head_l8,True
226,hotpot_seed43_discovery,hotpot,1.1387261387261371,scalar_l8_train8e5,0.3828051857608497,scalar_l8_train8e5,False
226,mbpp_seed45_headprobe,mbpp,2.8278452486597327,head_l10_strong,4.638588670116389,head_l10_strong,False
227,arc_mc_seed48_discovery,arc_mc,4.1666666666666625,scalar_l8_train8e5,0.0,scalar_l8_train8e5,True
227,protein_ss_seed60_discovery,protein_ss,6.0017163473705395,head_l8,5.421998921810584,head_l8,False
228,mbpp_seed46_anchor,mbpp,-1.3895936467291259,scalar_l8_sched_cos,,,False
228,punc_seed31_anchor,other,-0.4604756760324555,head_l8,,,False
229,arc_mc_seed49_discovery,arc_mc,0.0,scalar_l8_train1e4,,,False
229,hotpot_seed44_discovery,hotpot,2.940527940527941,scalar_l8_train1e4,0.6866365199698549,scalar_l8_train1e4,False
400,arc_mc_seed113_discovery,arc_mc,-4.1666666666666625,scalar_l8_train1e4,,,False
400,protein_ss_seed165_discovery,protein_ss,0.47949735449735464,head_l8,,,False
401,arc_mc_seed114_discovery,arc_mc,4.166666666666669,scalar_l8_train1e4,4.166666666666669,scalar_l8_train1e4,False
401,protein_ss_seed166_discovery,protein_ss,3.001974028600196,scalar_l8_sched_cos,0.15598029249292433,scalar_l8_sched_cos,False
402,mbpp_seed90_headprobe,mbpp,2.6693914668555196,scalar_l8_sched_cos,-1.8512441522521406,scalar_l8_sched_cos,True
402,protein_ss_seed167_discovery,protein_ss,0.37575951391109474,head_l8,,,False
403,squad_seed48_discovery,squad,1.005050505050506,scalar_l8_sched_cos,0.7273184293800861,scalar_l8_sched_cos,False
404,mbpp_longctx_seed57_repair,mbpp_longctx,0.0,head_l8,,,False
404,protein_ss_seed168_discovery,protein_ss,0.4853620955315885,scalar_l8_train1e4,,,False
405,arc_mc_seed115_discovery,arc_mc,12.5,scalar_l8_train1e4,12.5,scalar_l8_train1e4,False
405,mbpp_seed91_headprobe,mbpp,0.6546662469177567,head_l10_strong,,,False
406,hotpot_seed67_discovery,hotpot,3.9762939762939777,scalar_l8_train1e4,0.35791035791035986,scalar_l8_train1e4,False
406,protein_ss_seed169_discovery,protein_ss,3.302618481895153,head_l8,3.5392273192113963,head_l8,False
407,mbpp_longctx_seed58_repair,mbpp_longctx,-2.3396356729690067,head_l8,,,False
407,squad_seed49_anchor,squad,0.7575757575757569,scalar_l8_sched_cos,,,False
408,arc_mc_seed116_discovery,arc_mc,4.166666666666669,scalar_l8_train1e4,0.0,scalar_l8_train1e4,True
408,protein_ss_seed170_discovery,protein_ss,8.271298917128211,scalar_l8_train1e4,3.6797522910849203,scalar_l8_train1e4,False
409,arc_mc_seed117_discovery,arc_mc,-8.333333333333337,scalar_l8_train1e4,,,False
409,protein_ss_seed171_discovery,protein_ss,3.3718280900900344,scalar_l8_sched_cos,2.48587562857388,scalar_l8_sched_cos,False
410,mbpp_seed92_headprobe,mbpp,1.2475501281471402,scalar_l8_sched_cos,1.8874283788338275,scalar_l8_sched_cos,False
410,protein_ss_seed172_discovery,protein_ss,-0.3423824114254348,scalar_l8_train1e4,,,False
411,squad_seed50_discovery,squad,0.755050505050503,scalar_l8_sched_cos,,,False
412,mbpp_longctx_seed59_repair,mbpp_longctx,-0.8547008547008544,scalar_l8_train1e4,,,False
412,protein_ss_seed173_discovery,protein_ss,2.978823527764013,scalar_l8_train1e4,2.978823527764013,scalar_l8_train1e4,False
413,arc_mc_seed118_discovery,arc_mc,-4.166666666666669,scalar_l8_train1e4,,,False
413,mbpp_seed93_headprobe,mbpp,-0.9173063549736404,scalar_l8_train1e4,,,False
414,hotpot_seed68_discovery,hotpot,3.5768285768285764,head_l8,-0.5504063837397155,head_l8,True
414,protein_ss_seed174_discovery,protein_ss,4.576880234774977,scalar_l8_sched_cos,4.576880234774977,scalar_l8_sched_cos,False
415,mbpp_longctx_seed60_repair,mbpp_longctx,0.47483380816714105,head_l8,,,False
415,squad_seed51_anchor,squad,0.755050505050503,scalar_l8_sched_cos,,,False
416,arc_mc_seed119_discovery,arc_mc,8.333333333333332,scalar_l8_train1e4,0.0,scalar_l8_train1e4,True
416,protein_ss_seed175_discovery,protein_ss,0.0,head_l8,,,False
417,arc_mc_seed120_discovery,arc_mc,4.166666666666669,scalar_l8_sched_cos,12.5,scalar_l8_sched_cos,False
417,protein_ss_seed176_discovery,protein_ss,2.321399550189512,head_l8,0.04423178566153041,head_l8,False
418,mbpp_seed94_headprobe,mbpp,0.19880547655805048,scalar_l8_sched_cos,,,False
418,protein_contact_seed2_discovery,protein_contact,0.0,head_l8,,,False
419,hotpot_seed69_discovery,hotpot,0.14332514332514312,scalar_l8_train1e4,,,False
419,squad_seed52_discovery,squad,2.002525252525253,scalar_l8_sched_cos,0.07010077764504352,scalar_l8_sched_cos,False
420,mbpp_longctx_seed61_repair,mbpp_longctx,4.558404558404561,scalar_l8_sched_cos,-0.043290043290039604,scalar_l8_sched_cos,True
420,protein_ss_seed177_discovery,protein_ss,0.8999717150508568,scalar_l8_sched_cos,2.4831431193515554,scalar_l8_sched_cos,False
421,arc_mc_seed121_discovery,arc_mc,0.0,scalar_l8_train8e5,,,False
421,protein_contact_seed3_discovery,protein_contact,0.0,head_l8,,,False
422,mbpp_seed95_headprobe,mbpp,2.2764963063470534,head_l10_strong,2.3730715002902745,head_l10_strong,False
422,protein_ss_seed178_discovery,protein_ss,0.47840285288340834,head_l8,,,False
423,protein_contact_seed4_discovery,protein_contact,0.0,head_l8,,,False
423,squad_seed53_anchor,squad,-0.762626262626262,scalar_l8_train1e4,,,False
424,protein_contact_seed5_discovery,protein_contact,0.0,head_l8,,,False
424,protein_ss_seed179_discovery,protein_ss,0.03194962271679813,scalar_l8_sched_cos,,,False
425,arc_mc_seed122_discovery,arc_mc,8.333333333333337,scalar_l8_sched_cos,8.333333333333337,scalar_l8_sched_cos,False
425,protein_ss_seed180_discovery,protein_ss,3.743420820269372,scalar_l8_sched_cos,3.743420820269372,scalar_l8_sched_cos,False
426,mbpp_seed96_headprobe,mbpp,0.1710033301695113,head_l10_strong,,,False
426,protein_contact_seed6_discovery,protein_contact,0.0,head_l8,,,False
427,hotpot_seed70_discovery,hotpot,2.4109074109074107,scalar_l8_sched_cos,-1.688843026052328,scalar_l8_sched_cos,True
427,squad_seed54_discovery,squad,1.250000000000001,scalar_l8_train1e4,1.6057166876839029,scalar_l8_train1e4,False
428,mbpp_longctx_seed62_repair,mbpp_longctx,4.333937667271001,scalar_l8_sched_cos,0.768398268398271,scalar_l8_sched_cos,False
428,protein_ss_seed181_discovery,protein_ss,-7.811060771587086,scalar_l8_train1e4,,,False
429,arc_mc_seed123_discovery,arc_mc,8.333333333333337,scalar_l8_sched_cos,0.0,scalar_l8_sched_cos,True
429,protein_contact_seed7_discovery,protein_contact,0.0,head_l8,,,False
430,mbpp_seed97_headprobe,mbpp,1.7374725374180944,scalar_l8_train1e4,-1.7062689585439883,scalar_l8_train1e4,True
430,protein_ss_seed182_discovery,protein_ss,2.8484398896777563,scalar_l8_sched_cos,3.2660102825197157,scalar_l8_sched_cos,False
431,protein_contact_seed8_discovery,protein_contact,0.0,head_l8,,,False
431,squad_seed55_anchor,squad,2.034678777941118,scalar_l8_sched_cos,-2.1286788499903233,scalar_l8_sched_cos,True
432,protein_contact_seed9_discovery,protein_contact,0.0,head_l8,,,False
432,protein_ss_seed183_discovery,protein_ss,0.0,head_l8,,,False
433,arc_mc_seed124_discovery,arc_mc,12.5,scalar_l8_sched_cos,0.0,scalar_l8_sched_cos,True
433,protein_ss_seed184_discovery,protein_ss,1.0018580458118653,scalar_l8_train1e4,-2.0639103806929016,scalar_l8_train1e4,True
434,mbpp_seed98_headprobe,mbpp,-3.5240464344941937,scalar_l8_train1e4,,,False
434,protein_contact_seed10_discovery,protein_contact,0.0,head_l8,,,False
435,hotpot_seed71_discovery,hotpot,0.2598752598752599,scalar_l8_train1e4,,,False
435,squad_seed56_discovery,squad,0.16255790246320623,head_l8,,,False
436,mbpp_longctx_seed63_repair,mbpp_longctx,-2.9439696106362767,scalar_l8_sched_cos,,,False
436,protein_ss_seed185_discovery,protein_ss,3.118908382066282,scalar_l8_train1e4,3.118908382066282,scalar_l8_train1e4,False
437,arc_mc_seed125_discovery,arc_mc,-4.166666666666669,scalar_l8_train1e4,,,False
437,protein_contact_seed11_discovery,protein_contact,0.0,head_l8,,,False
438,mbpp_seed99_headprobe,mbpp,0.43957193335681377,scalar_l8_sched_cos,,,False
438,protein_ss_seed186_discovery,protein_ss,4.527817268640194,scalar_l8_sched_cos,4.527817268640194,scalar_l8_sched_cos,False
439,protein_contact_seed12_discovery,protein_contact,0.0,head_l8,,,False
439,squad_seed57_anchor,squad,-0.0025252525252511537,head_l8,,,False
440,protein_contact_seed13_discovery,protein_contact,0.0,head_l8,,,False
440,protein_ss_seed187_discovery,protein_ss,1.1092948169219352,scalar_l8_sched_cos,1.1092948169219352,scalar_l8_sched_cos,False
441,arc_mc_seed126_discovery,arc_mc,4.166666666666669,scalar_l8_train8e5,4.1666666666666625,scalar_l8_train8e5,False
441,protein_ss_seed188_discovery,protein_ss,1.867330415813484,scalar_l8_sched_cos,4.126734551262857,scalar_l8_sched_cos,False
442,mbpp_seed100_headprobe,mbpp,0.33398401756847274,head_l10_strong,,,False
442,protein_contact_seed14_discovery,protein_contact,0.0,head_l8,,,False
443,hotpot_seed72_discovery,hotpot,-0.6142506142506138,scalar_l8_train1e4,,,False
443,squad_seed58_discovery,squad,0.7575757575757569,scalar_l8_sched_cos,,,False
444,mbpp_longctx_seed64_repair,mbpp_longctx,-0.5611672278338947,scalar_l8_train1e4,,,False
444,protein_ss_seed189_discovery,protein_ss,0.8701858486341252,scalar_l8_train1e4,4.895317496762547,scalar_l8_train1e4,False
445,arc_mc_seed127_discovery,arc_mc,0.0,scalar_l8_train1e4,,,False
445,protein_contact_seed15_discovery,protein_contact,0.0,head_l8,,,False
446,mbpp_seed101_headprobe,mbpp,1.4925373134328401,scalar_l8_train1e4,-2.740110676428509,scalar_l8_train1e4,True
446,protein_ss_seed190_discovery,protein_ss,3.5798081017298977,scalar_l8_sched_cos,-2.2586514362830155,scalar_l8_sched_cos,True
447,protein_contact_seed16_discovery,protein_contact,0.0,head_l8,,,False
447,squad_seed59_anchor,squad,-0.7474747474747467,scalar_l8_train1e4,,,False
448,protein_contact_seed17_discovery,protein_contact,0.0,head_l8,,,False
448,protein_ss_seed191_discovery,protein_ss,0.0,head_l8,,,False
449,arc_mc_seed164_discovery,arc_mc,8.333333333333337,scalar_l8_train1e4,4.166666666666669,scalar_l8_train1e4,False
449,protein_ss_seed232_discovery,protein_ss,3.2367242893558688,scalar_l8_sched_cos,3.2367242893558688,scalar_l8_sched_cos,False
450,mbpp_seed126_headprobe,mbpp,3.115501519756841,scalar_l8_sched_cos,0.5024628754133398,scalar_l8_sched_cos,False
451,mbpp_longctx_seed85_repair,mbpp_longctx,-0.6993006993007006,scalar_l8_sched_cos,,,False
451,squad_seed80_discovery,squad,0.7575757575757569,head_l8,,,False
452,arc_mc_seed165_discovery,arc_mc,-4.166666666666669,scalar_l8_sched_cos,,,False
452,protein_ss_seed233_discovery,protein_ss,1.7150990579144099,head_l8,1.7150990579144099,head_l8,False
453,mbpp_seed127_headprobe,mbpp,-1.7563696668174256,scalar_l8_sched_cos,,,False
453,protein_ss_seed234_discovery,protein_ss,3.0196590724410277,scalar_l8_sched_cos,-0.5246371796257476,scalar_l8_sched_cos,True
454,arc_mc_seed166_discovery,arc_mc,0.0,scalar_l8_train1e4,,,False
455,mbpp_seed128_anchor,mbpp,2.7702397105382195,scalar_l8_train1e4,-0.33104110309389867,scalar_l8_train1e4,True
455,squad_seed81_anchor,squad,1.5050505050505065,scalar_l8_train1e4,0.6915577519597843,scalar_l8_train1e4,False
456,mbpp_longctx_seed86_repair,mbpp_longctx,4.040404040404044,scalar_l8_sched_cos,-1.4578631245297902,scalar_l8_sched_cos,True
456,protein_ss_seed235_discovery,protein_ss,1.3349371372341934,scalar_l8_train1e4,1.3349371372341934,scalar_l8_train1e4,False
457,arc_mc_seed167_discovery,arc_mc,4.166666666666669,scalar_l8_train1e4,-12.5,scalar_l8_train1e4,True
457,protein_ss_seed236_discovery,protein_ss,0.0,head_l8,,,False
458,mbpp_seed129_headprobe,mbpp,-0.6198792310856904,scalar_l8_sched_cos,,,False
465,arc_mc_seed170_discovery,arc_mc,4.166666666666669,scalar_l8_train1e4,4.166666666666669,scalar_l8_train1e4,False
465,mbpp_seed132_headprobe,mbpp,-0.5012814714307257,scalar_l8_train1e4,,,False
466,protein_ss_seed239_discovery,protein_ss,7.327312476732639,head_l8,7.327312476732639,head_l8,False
466,squad_seed84_discovery,squad,0.4263534938450053,head_l8,,,False
468,mbpp_longctx_seed89_repair,mbpp_longctx,0.44893378226711633,scalar_l8_train1e4,,,False
468,protein_contact_seed20_discovery,protein_contact,0.0,head_l8,,,False
469,arc_mc_seed171_discovery,arc_mc,0.0,scalar_l8_train1e4,,,False
500,arc_mc_seed182_discovery,arc_mc,-4.166666666666669,scalar_l8_train1e4,,,False
500,protein_contact_seed28_discovery,protein_contact,0.0,head_l8,,,False
501,mbpp_seed141_anchor,mbpp,-0.16164010979781707,scalar_l8_sched_cos,,,False
501,protein_ss_seed251_discovery,protein_ss,0.0,scalar_l8_train1e4,,,False
502,mbpp_longctx_seed98_repair,mbpp_longctx,2.089268755935425,scalar_l8_train1e4,-3.8896520146520173,scalar_l8_train1e4,True
502,squad_seed93_anchor,squad,0.007575757575761788,scalar_l8_train1e4,,,False
503,arc_mc_seed183_discovery,arc_mc,0.0,scalar_l8_train1e4,,,False
503,hotpot_seed84_discovery,hotpot,1.1607761607761613,scalar_l8_train1e4,2.8829761024882967,scalar_l8_train1e4,False
504,protein_contact_seed29_discovery,protein_contact,0.0,head_l8,,,False
504,protein_ss_seed252_discovery,protein_ss,2.757051286234441,scalar_l8_sched_cos,2.5318684729747023,scalar_l8_sched_cos,False
505,arc_mc_seed184_discovery,arc_mc,4.166666666666669,scalar_l8_train1e4,4.166666666666669,scalar_l8_train1e4,False
505,mbpp_seed142_headprobe,mbpp,-0.9950248756218971,scalar_l8_train1e4,,,False
506,protein_ss_seed253_discovery,protein_ss,-0.43859649122807154,head_l8,,,False
506,squad_seed94_discovery,squad,0.7550505050505085,scalar_l8_train1e4,,,False
507,hotpot_seed85_discovery,hotpot,2.4428274428274444,head_l8,-0.43209876543209846,head_l8,True
507,mbpp_longctx_seed99_repair,mbpp_longctx,5.723905723905726,head_l8,7.442279942279942,head_l8,False
508,arc_mc_seed185_discovery,arc_mc,0.0,scalar_l8_train1e4,,,False
508,protein_contact_seed30_discovery,protein_contact,0.0,head_l8,,,False
509,mbpp_seed143_anchor,mbpp,1.785970594189612,head_l10_strong,0.058563775287673314,head_l10_strong,False
509,protein_ss_seed254_discovery,protein_ss,2.3208694283203157,scalar_l8_sched_cos,2.3208694283203157,scalar_l8_sched_cos,False
510,mbpp_longctx_seed100_repair,mbpp_longctx,2.4691358024691343,head_l8,-0.5555555555555564,head_l8,True
510,squad_seed95_anchor,squad,2.2626262626262634,head_l8,1.3526274500579638,head_l8,False
511,arc_mc_seed186_discovery,arc_mc,8.333333333333332,scalar_l8_sched_cos,0.0,scalar_l8_sched_cos,True
511,hotpot_seed86_discovery,hotpot,4.101304101304103,head_l8,2.110636277302945,head_l8,False
512,protein_contact_seed31_discovery,protein_contact,0.0,head_l8,,,False
512,protein_ss_seed255_discovery,protein_ss,-0.8915852665852708,head_l8,,,False
513,arc_mc_seed187_discovery,arc_mc,8.333333333333332,scalar_l8_train1e4,-4.166666666666669,scalar_l8_train1e4,True
513,mbpp_seed144_headprobe,mbpp,0.6549742868150854,scalar_l8_sched_cos,,,False
514,protein_ss_seed256_discovery,protein_ss,0.0,scalar_l8_sched_cos,,,False
514,squad_seed96_discovery,squad,1.5050505050505065,head_l8,0.0,head_l8,True
515,hotpot_seed87_discovery,hotpot,0.7843507843507846,scalar_l8_sched_cos,,,False
515,mbpp_longctx_seed101_repair,mbpp_longctx,0.3798670465337106,head_l8,,,False
516,arc_mc_seed188_discovery,arc_mc,-4.166666666666669,scalar_l8_train1e4,,,False
516,protein_contact_seed32_discovery,protein_contact,0.0,head_l8,,,False
517,mbpp_seed145_anchor,mbpp,1.4383314745107623,scalar_l8_train1e4,-3.284228608939177,scalar_l8_train1e4,True
517,protein_ss_seed257_discovery,protein_ss,-1.8489984591679498,scalar_l8_train1e4,,,False
518,squad_seed97_anchor,squad,-1.5025252525252553,scalar_l8_sched_cos,,,False
520,protein_contact_seed33_discovery,protein_contact,0.0,head_l8,,,False
520,protein_ss_seed258_discovery,protein_ss,-1.0544485808113457,scalar_l8_train1e4,,,False
521,arc_mc_seed190_discovery,arc_mc,0.0,scalar_l8_train1e4,,,False
521,mbpp_seed146_headprobe,mbpp,1.7450625659580887,head_l10_strong,0.33835728934947795,head_l10_strong,False
522,protein_ss_seed259_discovery,protein_ss,4.983278174067646,scalar_l8_sched_cos,4.983278174067646,scalar_l8_sched_cos,False
522,squad_seed98_discovery,squad,0.7575757575757569,scalar_l8_sched_cos,,,False
523,hotpot_seed89_discovery,hotpot,-1.7750267750267736,scalar_l8_train1e4,,,False
523,mbpp_longctx_seed103_repair,mbpp_longctx,0.37986704653371617,head_l8,,,False
524,arc_mc_seed191_discovery,arc_mc,0.0,scalar_l8_train1e4,,,False
524,protein_contact_seed34_discovery,protein_contact,0.0,head_l8,,,False
525,mbpp_seed147_anchor,mbpp,0.669453525802477,scalar_l8_sched_cos,,,False
525,protein_ss_seed260_discovery,protein_ss,0.8862969389285158,head_l8,0.8862969389285158,head_l8,False
526,mbpp_longctx_seed104_repair,mbpp_longctx,4.489337822671155,head_l8,5.955988455988456,head_l8,False
526,squad_seed99_anchor,squad,0.5101010101010134,scalar_l8_sched_cos,,,False
527,arc_mc_seed192_discovery,arc_mc,-4.166666666666669,scalar_l8_train1e4,,,False
527,hotpot_seed90_discovery,hotpot,2.1829521829521843,head_l8,0.5862783667661728,head_l8,False
528,protein_contact_seed35_discovery,protein_contact,0.0,head_l8,,,False
528,protein_ss_seed261_discovery,protein_ss,8.137454190956994,scalar_l8_sched_cos,8.137454190956994,scalar_l8_sched_cos,False
529,arc_mc_seed193_discovery,arc_mc,0.0,scalar_l8_train8e5,,,False
529,mbpp_seed148_headprobe,mbpp,2.996381727725017,head_l10_strong,2.837142247091479,head_l10_strong,False
530,protein_ss_seed262_discovery,protein_ss,2.3819345886894827,scalar_l8_train1e4,2.3819345886894827,scalar_l8_train1e4,False
530,squad_seed100_discovery,squad,0.2424242424242412,scalar_l8_train1e4,,,False
531,hotpot_seed91_discovery,hotpot,2.4428274428274444,scalar_l8_train1e4,0.6924523591190266,scalar_l8_train1e4,False
531,mbpp_longctx_seed105_repair,mbpp_longctx,7.4333074333074345,scalar_l8_sched_cos,2.734487734487728,scalar_l8_sched_cos,False
532,arc_mc_seed194_discovery,arc_mc,0.0,scalar_l8_train1e4,,,False
532,protein_contact_seed36_discovery,protein_contact,0.0,head_l8,,,False
533,mbpp_seed149_anchor,mbpp,0.49374340419116036,head_l10_strong,,,False
533,protein_ss_seed263_discovery,protein_ss,0.5055458992087092,scalar_l8_sched_cos,,,False
534,mbpp_longctx_seed106_repair,mbpp_longctx,1.8648018648018627,head_l8,8.690315061282808,head_l8,False
534,squad_seed101_anchor,squad,-0.7525252525252518,head_l8,,,False
540,arc_mc_seed197_discovery,arc_mc,0.0,scalar_l8_train1e4,,,False
540,protein_contact_seed38_discovery,protein_contact,0.0,head_l8,,,False
541,mbpp_seed151_anchor,mbpp,0.7447785546274788,scalar_l8_train1e4,,,False
541,protein_ss_seed266_discovery,protein_ss,-0.3798893601525244,scalar_l8_sched_cos,,,False
542,mbpp_longctx_seed108_repair,mbpp_longctx,-1.2345679012345678,scalar_l8_sched_cos,,,False
542,squad_seed103_anchor,squad,0.0,scalar_l8_sched_cos,,,False
543,arc_mc_seed198_discovery,arc_mc,12.5,scalar_l8_train1e4,0.0,scalar_l8_train1e4,True
543,hotpot_seed94_discovery,hotpot,4.422514422514421,scalar_l8_sched_cos,1.8848441022354057,scalar_l8_sched_cos,False
544,protein_contact_seed39_discovery,protein_contact,0.0,head_l8,,,False
544,protein_ss_seed267_discovery,protein_ss,2.007355461302829,scalar_l8_train1e4,2.3050899241915612,scalar_l8_train1e4,False
545,mbpp_longctx_seed109_repair,mbpp_longctx,3.254769921436593,scalar_l8_train1e4,-0.9523809523809545,scalar_l8_train1e4,True
545,mbpp_seed152_headprobe,mbpp,4.966348241424223,scalar_l8_train1e4,0.38530290437394643,scalar_l8_train1e4,False
546,arc_mc_seed199_discovery,arc_mc,0.0,scalar_l8_train1e4,,,False
550,mbpp_seed155_anchor,mbpp,1.6635480910047074,head_l10_strong,-0.6518695175728784,head_l10_strong,True
550,protein_ss_seed270_discovery,protein_ss,1.4696865025812411,scalar_l8_sched_cos,1.4696865025812411,scalar_l8_sched_cos,False
551,arc_mc_seed202_discovery,arc_mc,8.333333333333337,scalar_l8_train1e4,4.1666666666666625,scalar_l8_train1e4,False
551,mbpp_seed156_headprobe,mbpp,-0.5088195386702798,head_l10_strong,,,False
552,mbpp_longctx_seed111_repair,mbpp_longctx,2.244668911335579,head_l8,-0.7631456556187716,head_l8,True
552,protein_ss_seed271_discovery,protein_ss,2.33603506629822,scalar_l8_train1e4,2.33603506629822,scalar_l8_train1e4,False
553,mbpp_longctx_seed112_repair,mbpp_longctx,1.683501683501687,scalar_l8_sched_cos,-0.20202020202020055,scalar_l8_sched_cos,True
553,mbpp_seed157_headprobe,mbpp,0.6860721327899055,head_l10_strong,,,False
554,arc_mc_seed203_discovery,arc_mc,4.1666666666666625,scalar_l8_train1e4,0.0,scalar_l8_train1e4,True
554,protein_ss_seed272_discovery,protein_ss,4.35015707553697,scalar_l8_train1e4,2.0527476245816523,scalar_l8_train1e4,False
555,arc_mc_seed204_discovery,arc_mc,-4.1666666666666625,scalar_l8_train1e4,,,False
555,mbpp_seed158_anchor,mbpp,0.6395262859900164,scalar_l8_train1e4,,,False
556,mbpp_seed159_headprobe,mbpp,1.0101010101010055,scalar_l8_train1e4,1.8156748668159528,scalar_l8_train1e4,False
556,protein_ss_seed273_discovery,protein_ss,3.021235777664766,scalar_l8_sched_cos,-1.8482945787795135,scalar_l8_sched_cos,True
557,arc_mc_seed205_discovery,arc_mc,8.333333333333337,scalar_l8_train8e5,8.333333333333337,scalar_l8_train8e5,False
557,mbpp_longctx_seed113_repair,mbpp_longctx,1.6403349736683088,head_l8,3.5686535686535654,head_l8,False
558,mbpp_seed160_anchor,mbpp,1.873288340733037,scalar_l8_sched_cos,1.5659265817155377,scalar_l8_sched_cos,False
558,protein_ss_seed274_discovery,protein_ss,0.462962962962965,scalar_l8_sched_cos,,,False
559,arc_mc_seed206_discovery,arc_mc,-4.166666666666669,scalar_l8_sched_cos,,,False
559,mbpp_seed161_headprobe,mbpp,1.5076134479119485,scalar_l8_sched_cos,0.15049663891886222,scalar_l8_sched_cos,False
560,mbpp_longctx_seed114_repair,mbpp_longctx,-0.0863334196667509,head_l8,,,False
560,protein_ss_seed275_discovery,protein_ss,0.7223171702232967,scalar_l8_train1e4,,,False
561,mbpp_longctx_seed115_repair,mbpp_longctx,-2.5382025382025386,scalar_l8_sched_cos,,,False
561,mbpp_seed162_headprobe,mbpp,1.6348965619267575,scalar_l8_train1e4,1.194708106801351,scalar_l8_train1e4,False
562,arc_mc_seed207_discovery,arc_mc,0.0,scalar_l8_train1e4,,,False
562,protein_ss_seed276_discovery,protein_ss,0.4545454545454519,scalar_l8_sched_cos,,,False
563,arc_mc_seed208_discovery,arc_mc,0.0,scalar_l8_train1e4,,,False
563,mbpp_seed163_anchor,mbpp,3.1294242252400126,head_l10_strong,0.6133127579641295,head_l10_strong,False
564,mbpp_seed164_headprobe,mbpp,-1.5189205487712965,head_l10_strong,,,False
564,protein_ss_seed277_discovery,protein_ss,-0.1300339469583245,head_l8,,,False
565,arc_mc_seed209_discovery,arc_mc,0.0,scalar_l8_train1e4,,,False
565,mbpp_longctx_seed116_repair,mbpp_longctx,0.8288008288008325,head_l8,,,False
566,mbpp_seed165_anchor,mbpp,1.5000753806723943,scalar_l8_sched_cos,1.4081599161456626,scalar_l8_sched_cos,False
566,protein_ss_seed278_discovery,protein_ss,0.0,head_l8,,,False
567,arc_mc_seed210_discovery,arc_mc,0.0,scalar_l8_train1e4,,,False
567,mbpp_seed166_headprobe,mbpp,1.5151515151515138,scalar_l8_sched_cos,1.5840831911774156,scalar_l8_sched_cos,False
568,mbpp_longctx_seed117_repair,mbpp_longctx,5.344038677372011,scalar_l8_train1e4,-0.018037518037522515,scalar_l8_train1e4,True
568,protein_ss_seed279_discovery,protein_ss,2.4290700392032876,head_l8,-2.110811987596106,head_l8,True
569,arc_mc_seed211_repro,arc_mc,8.333333333333337,scalar_l8_train1e4,8.333333333333337,scalar_l8_train1e4,False
569,mbpp_seed167_repro,mbpp,0.5050505050505083,scalar_l8_train1e4,,,False
