round,task,family,baseline_acc,best_cfg,best_acc,best_delta_pp,outcome
77,hotpot_seed0_discovery,hotpot,0.10477207977207977,scalar_l8_train8e5,0.1035878535878536,-0.11842261842261587,negative
77,arc_seed0_discovery,other,0.12331921164118624,scalar_l8_train8e5,0.1262514422422145,0.2932230601028249,positive
78,protein_ss_seed0_discovery,protein_ss,0.2717168607254814,scalar_l8_train1e4,0.30767461134858787,3.5957750623106466,positive
79,hotpot_seed1_discovery,hotpot,0.10878442545109211,scalar_l8_train1e4,0.13039438039438042,2.160995494328831,positive
81,squad_seed2_anchor,squad,0.18328373015873015,scalar_l8_train1e4,0.19042370299200898,0.7139972833278829,positive
81,punc_seed1_anchor,other,0.10878442545109211,scalar_l8_train1e4,0.13039438039438042,2.160995494328831,positive
82,mbpp_seed2_anchor,mbpp,0.46692610866124223,scalar_l8_sched_cos,0.47584489594968743,0.8918787288445196,positive
91,hotpot_seed2_discovery,hotpot,0.1278252611585945,scalar_l8_train8e5,0.10045109211775878,-2.737416904083571,negative
92,protein_ss_seed1_discovery,protein_ss,0.32226153039832284,head_l8,0.3461545155624103,2.3892985164087444,positive
93,mbpp_seed0_anchor,mbpp,0.48069493044784073,scalar_l8_train8e5,0.5009952408429902,2.0300310395149457,positive
94,punc_seed0_anchor,other,0.10477207977207977,scalar_l8_train8e5,0.1035878535878536,-0.11842261842261587,negative
95,mbpp_seed1_anchor,mbpp,0.47564571543523254,scalar_l8_train8e5,0.46051668131107376,-1.512903412415878,negative
96,protein_ss_seed3_discovery,protein_ss,0.3128667101639154,scalar_l8_train1e4,0.3296769352264327,1.6810225062517337,positive
97,squad_seed2_anchor_recheck,squad,0.18328373015873015,scalar_l8_train1e4,0.19042370299200898,0.7139972833278829,positive
98,punc_seed1_anchor_recheck,other,0.10878442545109211,scalar_l8_train1e4,0.13039438039438042,2.160995494328831,positive
99,protein_ss_seed4_discovery,protein_ss,0.30297525750111953,scalar_l8_train8e5,0.3520151875415033,4.903993004038377,positive
99,mbpp_seed2_headprobe,mbpp,0.46692610866124223,head_l10_strong,0.4897465047459224,2.2820396084680175,positive
100,arc_seed0_headprobe,other,0.12331921164118624,scalar_l8_train8e5,0.1262514422422145,0.2932230601028249,positive
100,hotpot_seed1_headprobe,hotpot,0.10878442545109211,scalar_l8_train1e4,0.13039438039438042,2.160995494328831,positive
101,squad_seed2_anchor_recheck2,squad,0.18328373015873015,scalar_l8_train1e4,0.19042370299200898,0.7139972833278829,positive
101,punc_seed1_anchor_recheck2,other,0.10878442545109211,scalar_l8_train1e4,0.13039438039438042,2.160995494328831,positive
102,mbpp_seed0_anchor_recheck2,mbpp,0.48069493044784073,scalar_l8_sched_cos,0.49264840823226513,1.1953477784424404,positive
102,protein_ss_seed1_anchor_recheck,protein_ss,0.32226153039832284,head_l8,0.3461545155624103,2.3892985164087444,positive
103,protein_ss_seed5_discovery,protein_ss,0.26676524907656984,head_l8,0.282985776406829,1.6220527330259138,positive
104,arc_seed4_discovery,other,0.10343650441585676,scalar_l8_train1e4,0.13070751724279078,2.727101282693402,positive
104,mbpp_seed4_headprobe,mbpp,0.47532654134396335,scalar_l8_sched_cos,0.4882157482458676,1.288920690190426,positive
109,hotpot_seed6_discovery,hotpot,0.09005223171889838,scalar_l8_train1e4,0.1259233449477352,3.587111322883681,positive
112,hotpot_longctx_seed1_discovery,hotpot,0.06666666666666667,scalar_l8_train1e4,0.08888888888888889,2.2222222222222228,positive
114,mbpp_seed7_headprobe,mbpp,0.4646046322591868,head_l10_strong,0.4541799818472792,-1.04246504119076,negative
114,arc_seed7_discovery,other,0.15469392767237675,scalar_l8_train1e4,0.13295203318677498,-2.1741894485601767,negative
115,punc_seed3_anchor,other,0.08882779406972956,scalar_l8_train1e4,0.10383939010599352,1.5011596036263966,positive
116,mbpp_longctx_seed0_repair,mbpp_longctx,0.25266955266955266,scalar_l8_train1e4,0.18819444444444444,-6.4475108225108215,negative
118,hotpot_seed8_discovery,hotpot,0.10592334494773518,scalar_l8_train8e5,0.11310541310541311,0.7182068157677926,positive
119,punc_seed1_anchor_recheck3,other,0.1020822551894658,head_l8,0.09470166414887275,-0.7380591040593049,negative
121,hotpot_seed13_discovery,hotpot,0.09399840039374924,scalar_l8_train1e4,0.10973035973035973,1.5731959336610493,positive
121,protein_ss_seed10_discovery,protein_ss,0.27659327923043353,scalar_l8_train8e5,0.33615901024536543,5.9565731014931895,positive
123,punc_seed4_anchor,other,0.08476942096486688,scalar_l8_train8e5,0.09275941253448694,0.7989991569620061,positive
127,mbpp_longctx_seed2_repair,mbpp_longctx,0.19448051948051948,scalar_l8_train1e4,0.2076923076923077,1.321178821178823,positive
134,punc_seed7_anchor,other,0.0977241652845061,scalar_l8_train1e4,0.10903396661326697,1.1309801328760873,positive
134,mbpp_seed11_anchor,mbpp,0.4606665907883755,scalar_l8_sched_cos,0.49749204601400754,3.682545522563202,positive
136,arc_mc_seed3_discovery,arc_mc,0.2916666666666667,scalar_l8_sched_cos,0.4166666666666667,12.5,positive
153,arc_mc_seed11_discovery,arc_mc,0.375,scalar_l8_train1e4,0.375,0.0,flat
154,mbpp_seed18_headprobe,mbpp,0.46403399559170494,scalar_l8_sched_cos,0.49349608344494494,2.9462087853240004,positive
154,hotpot_seed25_discovery,hotpot,0.10878442545109211,scalar_l8_train1e4,0.11497511497511498,0.6190689524022865,positive
155,arc_mc_seed12_discovery,arc_mc,0.4166666666666667,scalar_l8_train8e5,0.4166666666666667,0.0,flat
155,protein_ss_seed24_discovery,protein_ss,0.26676524907656984,scalar_l8_train8e5,0.30593711843711846,3.9171869360548617,positive
156,mbpp_seed19_anchor,mbpp,0.46396300729814266,scalar_l8_sched_cos,0.46997094567290815,0.6007938374765487,positive
157,arc_mc_seed13_discovery,arc_mc,0.2916666666666667,scalar_l8_train8e5,0.5,20.833333333333332,positive
157,hotpot_seed26_discovery,hotpot,0.09098124098124098,scalar_l8_train8e5,0.132993132993133,4.2011892011892025,positive
158,protein_ss_seed25_discovery,protein_ss,0.27997719666041415,scalar_l8_train8e5,0.34036200958370766,6.038481292329351,positive
158,mbpp_longctx_seed5_repair,mbpp_longctx,0.17728174603174604,scalar_l8_train8e5,0.16576016576016575,-1.152158027158029,negative
159,mbpp_seed20_headprobe,mbpp,0.4543278859778683,head_l10_strong,0.4830312759728743,2.8703389995006043,positive
159,punc_seed14_anchor,other,0.10881155003545895,head_l8,0.110515209425314,0.17036593898550473,positive
160,arc_mc_seed14_discovery,arc_mc,0.3333333333333333,scalar_l8_train1e4,0.4166666666666667,8.333333333333337,positive
161,arc_mc_seed15_discovery,arc_mc,0.375,scalar_l8_train8e5,0.375,0.0,flat
161,protein_ss_seed27_discovery,protein_ss,0.27609158083296015,scalar_l8_train1e4,0.29557907976153086,1.9487498928570712,positive
162,mbpp_seed21_headprobe,mbpp,0.4810868947603393,scalar_l8_train8e5,0.4743524758380581,-0.673441892228116,negative
163,arc_mc_seed16_discovery,arc_mc,0.3333333333333333,scalar_l8_sched_cos,0.5,16.666666666666668,positive
163,protein_ss_seed28_discovery,protein_ss,0.29134179162593765,scalar_l8_train1e4,0.30533732836364413,1.3995536737706482,positive
164,mbpp_seed22_anchor,mbpp,0.4870872353303441,head_l10_strong,0.48133327863037917,-0.5753956699964924,negative
165,hotpot_seed28_discovery,hotpot,0.11711775878442544,scalar_l8_train8e5,0.12281862281862284,0.5700864034197395,positive
166,mbpp_longctx_seed6_repair,mbpp_longctx,0.20717893217893216,head_l8,0.19578754578754576,-1.1391386391386398,negative
167,mbpp_seed23_headprobe,mbpp,0.4865752774410311,head_l10_strong,0.47332856005943214,-1.3246717381598938,negative
167,punc_seed16_anchor,other,0.09804137943930662,scalar_l8_train8e5,0.10025548134003266,0.22141019007260454,positive
168,arc_mc_seed18_discovery,arc_mc,0.375,scalar_l8_train1e4,0.4583333333333333,8.333333333333332,positive
169,arc_mc_seed19_discovery,arc_mc,0.375,scalar_l8_train8e5,0.4166666666666667,4.166666666666669,positive
170,mbpp_seed24_headprobe,mbpp,0.46743743571561464,scalar_l8_train8e5,0.4726174216556643,0.5179985940049647,positive
171,arc_mc_seed20_discovery,arc_mc,0.3333333333333333,scalar_l8_train1e4,0.4166666666666667,8.333333333333337,positive
171,protein_ss_seed32_discovery,protein_ss,0.29409107982156985,scalar_l8_train8e5,0.30087304264935844,0.678196282778859,positive
172,mbpp_seed25_anchor,mbpp,0.5223194670167656,scalar_l8_train8e5,0.47551932514200707,-4.680014187475851,negative
173,arc_mc_seed21_discovery,arc_mc,0.3333333333333333,scalar_l8_train1e4,0.3333333333333333,0.0,flat
173,hotpot_seed30_discovery,hotpot,0.10878442545109211,head_l8,0.11354186354186353,0.4757438090771421,positive
174,protein_ss_seed33_discovery,protein_ss,0.287814889788574,scalar_l8_train1e4,0.3019815832315832,1.4166693443009193,positive
174,mbpp_longctx_seed7_repair,mbpp_longctx,0.2248978619946362,scalar_l8_train1e4,0.22824675324675325,0.3348891252117042,positive
175,mbpp_seed26_headprobe,mbpp,0.4799800422447975,scalar_l8_train8e5,0.46499643303327126,-1.498360921152625,negative
175,punc_seed18_anchor,other,0.09645886668882346,head_l8,0.10869944122003662,1.2240574531213162,positive
178,hotpot_seed31_discovery,hotpot,0.11259001161440185,scalar_l8_train8e5,0.10713160713160713,-0.5458404482794721,negative
179,arc_mc_seed24_discovery,arc_mc,0.375,scalar_l8_train1e4,0.375,0.0,flat
181,arc_mc_seed25_discovery,arc_mc,0.4166666666666667,scalar_l8_train8e5,0.4166666666666667,0.0,flat
181,hotpot_seed32_discovery,hotpot,0.10175033837824536,scalar_l8_train1e4,0.10878442545109211,0.7034087072846751,positive
182,protein_ss_seed37_discovery,protein_ss,0.29393713893487033,scalar_l8_train1e4,0.31545063753548325,2.1513498600612913,positive
182,mbpp_longctx_seed8_repair,mbpp_longctx,0.19642857142857142,head_l8,0.2018037518037518,0.5375180375180366,positive
183,mbpp_seed29_headprobe,mbpp,0.4921364503429522,scalar_l8_train8e5,0.47364773415070144,-1.8488716192250787,negative
183,punc_seed20_anchor,other,0.10132030473226683,head_l8,0.10104828219912561,-0.027202253314122238,negative
184,protein_ss_seed38_discovery,protein_ss,0.2897024141919786,head_l8,0.2954075531749099,0.570513898293129,positive
185,protein_ss_seed39_discovery,protein_ss,0.34044000199660573,scalar_l8_train8e5,0.32487655644416075,-1.5563445552444988,negative
186,hotpot_seed33_discovery,hotpot,0.11406926406926406,scalar_l8_train1e4,0.10881321520856406,-0.5256048860699997,negative
187,arc_mc_seed28_discovery,arc_mc,0.3333333333333333,scalar_l8_train8e5,0.375,4.166666666666669,positive
188,punc_seed21_anchor,other,0.1093525386694267,head_l8,0.11479172617892085,0.5439187509494153,positive
189,arc_mc_seed29_discovery,arc_mc,0.4583333333333333,scalar_l8_train1e4,0.4166666666666667,-4.1666666666666625,negative
189,hotpot_seed34_discovery,hotpot,0.10239791073124405,head_l8,0.10856485856485858,0.6166947833614531,positive
190,mbpp_longctx_seed9_repair,mbpp_longctx,0.2434294871794872,scalar_l8_train8e5,0.22748015873015873,-1.5949328449328477,negative
191,mbpp_seed32_headprobe,mbpp,0.47176334972657347,head_l10_strong,0.48858605215838447,1.6822702431810999,positive
191,punc_seed22_anchor,other,0.10411002570973447,head_l8,0.10139614825618946,-0.27138774535450105,negative
193,arc_mc_seed31_discovery,arc_mc,0.3333333333333333,scalar_l8_sched_cos,0.4166666666666667,8.333333333333337,positive
193,protein_ss_seed43_discovery,protein_ss,0.3115903164631978,scalar_l8_train1e4,0.33598507537186784,2.4394758908670044,positive
194,mbpp_seed33_headprobe,mbpp,0.4862497066333508,scalar_l8_sched_cos,0.4828856955304157,-0.3364011102935105,negative
195,arc_mc_seed32_discovery,arc_mc,0.375,scalar_l8_sched_cos,0.4583333333333333,8.333333333333332,positive
196,mbpp_seed34_anchor,mbpp,0.4807013271642518,head_l10_strong,0.45909394703720946,-2.160738012704233,negative
196,punc_seed23_anchor,other,0.10411002570973447,head_l8,0.10717649507699872,0.3066469367264249,positive
197,arc_mc_seed33_discovery,arc_mc,0.4166666666666667,scalar_l8_sched_cos,0.375,-4.166666666666669,negative
198,protein_ss_seed45_discovery,protein_ss,0.2761118598382749,scalar_l8_train1e4,0.31194221093433133,3.5830351096056425,positive
198,mbpp_longctx_seed10_repair,mbpp_longctx,0.16298076923076923,head_l8,0.19642857142857142,3.344780219780219,positive
203,arc_mc_seed36_discovery,arc_mc,0.3333333333333333,scalar_l8_sched_cos,0.3333333333333333,0.0,flat
203,protein_ss_seed48_discovery,protein_ss,0.29918201557352503,scalar_l8_train8e5,0.3237902448428764,2.4608229269351356,positive
204,mbpp_seed37_anchor,mbpp,0.46253178506327014,scalar_l8_sched_cos,0.4880077007642532,2.5475915700983065,positive
205,arc_mc_seed37_discovery,arc_mc,0.375,scalar_l8_sched_cos,0.375,0.0,flat
205,hotpot_seed38_discovery,hotpot,0.13183760683760684,head_l8,0.1109449192782526,-2.0892687559354237,negative
206,mbpp_longctx_seed11_repair,mbpp_longctx,0.2035714285714286,scalar_l8_train8e5,0.22445887445887447,2.088744588744587,positive
207,mbpp_seed38_headprobe,mbpp,0.4660821832478379,scalar_l8_train8e5,0.47583210251686525,0.9749919269027352,positive
209,arc_mc_seed39_discovery,arc_mc,0.3333333333333333,scalar_l8_train1e4,0.4166666666666667,8.333333333333337,positive
210,mbpp_seed39_headprobe,mbpp,0.4786305556584913,scalar_l8_sched_cos,0.4663413605506999,-1.2289195107791362,negative
210,hotpot_seed39_discovery,hotpot,0.10242235242235243,scalar_l8_train1e4,0.1331168831168831,3.069453069453068,positive
211,arc_mc_seed40_discovery,arc_mc,0.375,scalar_l8_sched_cos,0.4166666666666667,4.166666666666669,positive
211,protein_ss_seed52_discovery,protein_ss,0.2968304843304843,scalar_l8_train1e4,0.30758508732646667,1.0754602995982354,positive
213,arc_mc_seed41_discovery,arc_mc,0.3333333333333333,scalar_l8_sched_cos,0.375,4.166666666666669,positive
214,mbpp_longctx_seed12_repair,mbpp_longctx,0.18461538461538463,scalar_l8_train8e5,0.2283549783549784,4.3739593739593765,positive
216,protein_ss_seed54_discovery,protein_ss,0.29557907976153086,scalar_l8_train8e5,0.3173795656026045,2.1800485841073636,positive
219,arc_mc_seed44_discovery,arc_mc,0.375,scalar_l8_train1e4,0.375,0.0,flat
219,protein_ss_seed56_discovery,protein_ss,0.2564285290980206,scalar_l8_train1e4,0.3038896376160527,4.746110851803209,positive
221,arc_mc_seed45_discovery,arc_mc,0.375,scalar_l8_train1e4,0.4166666666666667,4.166666666666669,positive
221,hotpot_seed42_discovery,hotpot,0.10878442545109211,scalar_l8_train8e5,0.13116883116883116,2.2384405717739044,positive
222,protein_ss_seed57_discovery,protein_ss,0.2968304843304843,scalar_l8_train1e4,0.30972329327592485,1.2892808945440537,positive
222,mbpp_longctx_seed13_repair,mbpp_longctx,0.17128427128427126,scalar_l8_train8e5,0.2712842712842713,10.000000000000004,positive
223,mbpp_seed44_headprobe,mbpp,0.45942055454678604,scalar_l8_sched_cos,0.4607201908603716,0.12996363135855393,positive
224,protein_ss_seed58_discovery,protein_ss,0.2812033936922429,head_l8,0.31754454926624737,3.634115557400447,positive
225,arc_mc_seed47_discovery,arc_mc,0.3333333333333333,scalar_l8_sched_cos,0.375,4.166666666666669,positive
225,protein_ss_seed59_discovery,protein_ss,0.31590518903359194,head_l8,0.3064327950826821,-0.9472393950909819,negative
226,mbpp_seed45_headprobe,mbpp,0.46688200601752,head_l10_strong,0.5132678927186839,4.638588670116389,positive
226,hotpot_seed43_discovery,hotpot,0.11872282069326405,scalar_l8_train8e5,0.12255087255087255,0.3828051857608497,positive
227,arc_mc_seed48_discovery,arc_mc,0.375,scalar_l8_train8e5,0.375,0.0,flat
227,protein_ss_seed60_discovery,protein_ss,0.26676524907656984,head_l8,0.3209852382946757,5.421998921810584,positive
229,hotpot_seed44_discovery,hotpot,0.11711775878442544,scalar_l8_train1e4,0.12398412398412399,0.6866365199698549,positive
401,protein_ss_seed166_discovery,protein_ss,0.26773615535407985,scalar_l8_sched_cos,0.2692959582790091,0.15598029249292433,positive
401,arc_mc_seed114_discovery,arc_mc,0.3333333333333333,scalar_l8_train1e4,0.375,4.166666666666669,positive
402,mbpp_seed90_headprobe,mbpp,0.47435622563733354,scalar_l8_sched_cos,0.45584378411481213,-1.8512441522521406,negative
403,squad_seed48_discovery,squad,0.17751400592930647,scalar_l8_sched_cos,0.18478719022310733,0.7273184293800861,positive
405,arc_mc_seed115_discovery,arc_mc,0.3333333333333333,scalar_l8_train1e4,0.4583333333333333,12.5,positive
406,protein_ss_seed169_discovery,protein_ss,0.26693059299191374,head_l8,0.3023228661840277,3.5392273192113963,positive
406,hotpot_seed67_discovery,hotpot,0.10498575498575498,scalar_l8_train1e4,0.10856485856485858,0.35791035791035986,positive
408,protein_ss_seed170_discovery,protein_ss,0.28878333931646094,scalar_l8_train1e4,0.32558086222731014,3.6797522910849203,positive
408,arc_mc_seed116_discovery,arc_mc,0.375,scalar_l8_train1e4,0.375,0.0,flat
409,protein_ss_seed171_discovery,protein_ss,0.24954470150723496,scalar_l8_sched_cos,0.27440345779297376,2.48587562857388,positive
410,mbpp_seed92_headprobe,mbpp,0.4711913950488533,scalar_l8_sched_cos,0.4900656788371916,1.8874283788338275,positive
412,protein_ss_seed173_discovery,protein_ss,0.2968304843304843,scalar_l8_train1e4,0.32661871960812444,2.978823527764013,positive
414,protein_ss_seed174_discovery,protein_ss,0.31055402930402926,scalar_l8_sched_cos,0.356322831651779,4.576880234774977,positive
414,hotpot_seed68_discovery,hotpot,0.13116883116883116,head_l8,0.125664767331434,-0.5504063837397155,negative
416,arc_mc_seed119_discovery,arc_mc,0.375,scalar_l8_train1e4,0.375,0.0,flat
417,protein_ss_seed176_discovery,protein_ss,0.31411346927121747,head_l8,0.3145557871278328,0.04423178566153041,positive
417,arc_mc_seed120_discovery,arc_mc,0.375,scalar_l8_sched_cos,0.5,12.5,positive
419,squad_seed52_discovery,squad,0.1867559523809524,scalar_l8_sched_cos,0.18745696015740285,0.07010077764504352,positive
420,mbpp_longctx_seed61_repair,mbpp_longctx,0.21695526695526693,scalar_l8_sched_cos,0.21652236652236653,-0.043290043290039604,negative
420,protein_ss_seed177_discovery,protein_ss,0.2377063372993346,scalar_l8_sched_cos,0.26253776849285015,2.4831431193515554,positive
422,mbpp_seed95_headprobe,mbpp,0.46109936174004806,head_l10_strong,0.4848300767429508,2.3730715002902745,positive
425,protein_ss_seed180_discovery,protein_ss,0.29134179162593765,scalar_l8_sched_cos,0.32877599982863137,3.743420820269372,positive
425,arc_mc_seed122_discovery,arc_mc,0.3333333333333333,scalar_l8_sched_cos,0.4166666666666667,8.333333333333337,positive
427,squad_seed54_discovery,squad,0.18115343470534725,scalar_l8_train1e4,0.19721060158218628,1.6057166876839029,positive
427,hotpot_seed70_discovery,hotpot,0.10382395382395382,scalar_l8_sched_cos,0.08693552356343054,-1.688843026052328,negative
428,mbpp_longctx_seed62_repair,mbpp_longctx,0.22842712842712842,scalar_l8_sched_cos,0.23611111111111113,0.768398268398271,positive
429,arc_mc_seed123_discovery,arc_mc,0.4166666666666667,scalar_l8_sched_cos,0.4166666666666667,0.0,flat
430,protein_ss_seed182_discovery,protein_ss,0.26676524907656984,scalar_l8_sched_cos,0.299425351901767,3.2660102825197157,positive
430,mbpp_seed97_headprobe,mbpp,0.49950921744777194,scalar_l8_train1e4,0.48244652786233205,-1.7062689585439883,negative
431,squad_seed55_anchor,squad,0.1849663390646997,scalar_l8_sched_cos,0.16367955056479647,-2.1286788499903233,negative
433,protein_ss_seed184_discovery,protein_ss,0.3219994758909853,scalar_l8_train1e4,0.3013603720840563,-2.0639103806929016,negative
433,arc_mc_seed124_discovery,arc_mc,0.4166666666666667,scalar_l8_sched_cos,0.4166666666666667,0.0,flat
436,protein_ss_seed185_discovery,protein_ss,0.26562868174710275,scalar_l8_train1e4,0.29681776556776557,3.118908382066282,positive
438,protein_ss_seed186_discovery,protein_ss,0.2968304843304843,scalar_l8_sched_cos,0.34210865701688625,4.527817268640194,positive
440,protein_ss_seed187_discovery,protein_ss,0.2968304843304843,scalar_l8_sched_cos,0.30792343249970366,1.1092948169219352,positive
441,protein_ss_seed188_discovery,protein_ss,0.28553646301287805,scalar_l8_sched_cos,0.3268038085255066,4.126734551262857,positive
441,arc_mc_seed126_discovery,arc_mc,0.4166666666666667,scalar_l8_train8e5,0.4583333333333333,4.1666666666666625,positive
444,protein_ss_seed189_discovery,protein_ss,0.26676524907656984,scalar_l8_train1e4,0.3157184240441953,4.895317496762547,positive
446,protein_ss_seed190_discovery,protein_ss,0.32456597395345127,scalar_l8_sched_cos,0.3019794595906211,-2.2586514362830155,negative
446,mbpp_seed101_headprobe,mbpp,0.4952412841430253,scalar_l8_train1e4,0.46784017737874023,-2.740110676428509,negative
449,protein_ss_seed232_discovery,protein_ss,0.2968304843304843,scalar_l8_sched_cos,0.329197727224043,3.2367242893558688,positive
449,arc_mc_seed164_discovery,arc_mc,0.375,scalar_l8_train1e4,0.4166666666666667,4.166666666666669,positive
450,mbpp_seed126_headprobe,mbpp,0.45744076280431845,scalar_l8_sched_cos,0.46246539155845184,0.5024628754133398,positive
452,protein_ss_seed233_discovery,protein_ss,0.27842808918238676,head_l8,0.29557907976153086,1.7150990579144099,positive
453,protein_ss_seed234_discovery,protein_ss,0.2822376696458126,scalar_l8_sched_cos,0.2769912978495551,-0.5246371796257476,negative
455,squad_seed81_anchor,squad,0.17821712018140587,scalar_l8_train1e4,0.1851326977010037,0.6915577519597843,positive
455,mbpp_seed128_anchor,mbpp,0.4693925942787769,scalar_l8_train1e4,0.4660821832478379,-0.33104110309389867,negative
456,mbpp_longctx_seed86_repair,mbpp_longctx,0.20295815295815298,scalar_l8_sched_cos,0.18837952171285507,-1.4578631245297902,negative
456,protein_ss_seed235_discovery,protein_ss,0.319204100983762,scalar_l8_train1e4,0.33255347235610394,1.3349371372341934,positive
457,arc_mc_seed167_discovery,arc_mc,0.5,scalar_l8_train1e4,0.375,-12.5,negative
465,arc_mc_seed170_discovery,arc_mc,0.3333333333333333,scalar_l8_train1e4,0.375,4.166666666666669,positive
466,protein_ss_seed239_discovery,protein_ss,0.2784327960175418,head_l8,0.3517059207848682,7.327312476732639,positive
502,mbpp_longctx_seed98_repair,mbpp_longctx,0.2568452380952381,scalar_l8_train1e4,0.21794871794871795,-3.8896520146520173,negative
503,hotpot_seed84_discovery,hotpot,0.11443001443001444,scalar_l8_train1e4,0.1432597754548974,2.8829761024882967,positive
504,protein_ss_seed252_discovery,protein_ss,0.3040549815313966,scalar_l8_sched_cos,0.3293736662611436,2.5318684729747023,positive
505,arc_mc_seed184_discovery,arc_mc,0.375,scalar_l8_train1e4,0.4166666666666667,4.166666666666669,positive
507,hotpot_seed85_discovery,hotpot,0.129985754985755,head_l8,0.125664767331434,-0.43209876543209846,negative
507,mbpp_longctx_seed99_repair,mbpp_longctx,0.1958152958152958,head_l8,0.2702380952380952,7.442279942279942,positive
509,protein_ss_seed254_discovery,protein_ss,0.30533732836364413,scalar_l8_sched_cos,0.3285460226468473,2.3208694283203157,positive
509,mbpp_seed143_anchor,mbpp,0.4902741162249986,head_l10_strong,0.49085975397787535,0.058563775287673314,positive
510,squad_seed95_anchor,squad,0.16757645195733806,head_l8,0.1811027264579177,1.3526274500579638,positive
510,mbpp_longctx_seed100_repair,mbpp_longctx,0.19783549783549784,head_l8,0.19227994227994227,-0.5555555555555564,negative
511,hotpot_seed86_discovery,hotpot,0.1109449192782526,head_l8,0.13205128205128205,2.110636277302945,positive
511,arc_mc_seed186_discovery,arc_mc,0.375,scalar_l8_sched_cos,0.375,0.0,flat
513,arc_mc_seed187_discovery,arc_mc,0.4166666666666667,scalar_l8_train1e4,0.375,-4.166666666666669,negative
514,squad_seed96_discovery,squad,0.18838514248350313,head_l8,0.18838514248350313,0.0,flat
517,mbpp_seed145_anchor,mbpp,0.4878749137546167,scalar_l8_train1e4,0.45503262766522495,-3.284228608939177,negative
521,mbpp_seed146_headprobe,mbpp,0.4563711603426628,head_l10_strong,0.45975473323615756,0.33835728934947795,positive
522,protein_ss_seed259_discovery,protein_ss,0.30105110532742113,scalar_l8_sched_cos,0.3508838870680976,4.983278174067646,positive
525,protein_ss_seed260_discovery,protein_ss,0.30133895101000363,head_l8,0.3102019203992888,0.8862969389285158,positive
526,mbpp_longctx_seed104_repair,mbpp_longctx,0.18571428571428572,head_l8,0.24527417027417028,5.955988455988456,positive
527,hotpot_seed90_discovery,hotpot,0.12072009291521486,head_l8,0.1265828765828766,0.5862783667661728,positive
528,protein_ss_seed261_discovery,protein_ss,0.27864265364265367,scalar_l8_sched_cos,0.3600171955522236,8.137454190956994,positive
529,mbpp_seed148_headprobe,mbpp,0.4989308660536406,head_l10_strong,0.5273022885245554,2.837142247091479,positive
530,protein_ss_seed262_discovery,protein_ss,0.2910336252160763,scalar_l8_train1e4,0.3148529711029711,2.3819345886894827,positive
531,hotpot_seed91_discovery,hotpot,0.09406457739791074,scalar_l8_train1e4,0.10098910098910101,0.6924523591190266,positive
531,mbpp_longctx_seed105_repair,mbpp_longctx,0.21114718614718617,scalar_l8_sched_cos,0.23849206349206345,2.734487734487728,positive
534,mbpp_longctx_seed106_repair,mbpp_longctx,0.19062210191242449,head_l8,0.27752525252525256,8.690315061282808,positive
543,hotpot_seed94_discovery,hotpot,0.09469342251950948,scalar_l8_sched_cos,0.11354186354186353,1.8848441022354057,positive
543,arc_mc_seed198_discovery,arc_mc,0.375,scalar_l8_train1e4,0.375,0.0,flat
544,protein_ss_seed267_discovery,protein_ss,0.2568821894479789,scalar_l8_train1e4,0.2799330886898945,2.3050899241915612,positive
545,mbpp_longctx_seed109_repair,mbpp_longctx,0.28715728715728717,scalar_l8_train1e4,0.2776334776334776,-0.9523809523809545,negative
545,mbpp_seed152_headprobe,mbpp,0.4674418163498307,scalar_l8_train1e4,0.47129484539357014,0.38530290437394643,positive
550,mbpp_seed155_anchor,mbpp,0.4832712631265032,head_l10_strong,0.4767525679507744,-0.6518695175728784,negative
550,protein_ss_seed270_discovery,protein_ss,0.278699553370606,scalar_l8_sched_cos,0.2933964183964184,1.4696865025812411,positive
551,arc_mc_seed202_discovery,arc_mc,0.4166666666666667,scalar_l8_train1e4,0.4583333333333333,4.1666666666666625,positive
552,protein_ss_seed271_discovery,protein_ss,0.28745876443244867,scalar_l8_train1e4,0.31081911509543086,2.33603506629822,positive
552,mbpp_longctx_seed111_repair,mbpp_longctx,0.16259994485800935,head_l8,0.15496848830182164,-0.7631456556187716,negative
553,mbpp_longctx_seed112_repair,mbpp_longctx,0.2152958152958153,scalar_l8_sched_cos,0.21327561327561328,-0.20202020202020055,negative
554,arc_mc_seed203_discovery,arc_mc,0.3333333333333333,scalar_l8_train1e4,0.3333333333333333,0.0,flat
554,protein_ss_seed272_discovery,protein_ss,0.2986766247379455,scalar_l8_train1e4,0.319204100983762,2.0527476245816523,positive
556,protein_ss_seed273_discovery,protein_ss,0.3032223519121378,scalar_l8_sched_cos,0.2847394061243427,-1.8482945787795135,negative
556,mbpp_seed159_headprobe,mbpp,0.46608857996424896,scalar_l8_train1e4,0.4842453286324085,1.8156748668159528,positive
557,arc_mc_seed205_discovery,arc_mc,0.3333333333333333,scalar_l8_train8e5,0.4166666666666667,8.333333333333337,positive
557,mbpp_longctx_seed113_repair,mbpp_longctx,0.1601010101010101,head_l8,0.19578754578754576,3.5686535686535654,positive
558,mbpp_seed160_anchor,mbpp,0.4590851743334013,scalar_l8_sched_cos,0.47474444015055667,1.5659265817155377,positive
559,mbpp_seed161_headprobe,mbpp,0.45708445617701515,scalar_l8_sched_cos,0.4585894225662038,0.15049663891886222,positive
561,mbpp_seed162_headprobe,mbpp,0.45788468087884704,scalar_l8_train1e4,0.46983176194686055,1.194708106801351,positive
563,mbpp_seed163_anchor,mbpp,0.46969897493722396,head_l10_strong,0.47583210251686525,0.6133127579641295,positive
566,mbpp_seed165_anchor,mbpp,0.47300563616888747,scalar_l8_sched_cos,0.4870872353303441,1.4081599161456626,positive
567,mbpp_seed166_headprobe,mbpp,0.45559818562653415,scalar_l8_sched_cos,0.4714390175383083,1.5840831911774156,positive
568,protein_ss_seed279_discovery,protein_ss,0.29013481314997813,head_l8,0.26902669327401707,-2.110811987596106,negative
568,mbpp_longctx_seed117_repair,mbpp_longctx,0.25461760461760463,scalar_l8_train1e4,0.2544372294372294,-0.018037518037522515,negative
569,arc_mc_seed211_repro,arc_mc,0.3333333333333333,scalar_l8_train1e4,0.4166666666666667,8.333333333333337,positive
