round,source_file,task,family,baseline_quick_acc,best_quick_cfg,best_quick_acc,best_quick_delta_pp,baseline_med_acc,best_med_cfg,best_med_acc,best_med_delta_pp,compare_mode,anchor_acc,best_med_delta_vs_anchor_pp,effective
20,_round20_serial_earlystop_records.jsonl,protein_ss,protein_ss,0.2466323166,scalar_l10_norm_detach,0.2911540683,4.4521751685,,scalar_l10_norm_node,0.3268675985,,med_vs_quick,0.2466323166,8.0235281875,1
21,_round21_targeted_search_records.jsonl,mbpp_fix,mbpp,0.1046464930,scalar_l8_trainable,0.1146428728,0.9996379866,,scalar_l8_trainable,0.2407353449,,med_vs_quick,0.1046464930,13.6088851920,1
21,_round21_targeted_search_records.jsonl,protein_ss_refine,protein_ss,0.2113711177,scalar_l10_trainable,0.2561682413,4.4797123671,,scalar_l10_sched_cos,0.3444893950,,med_vs_quick,0.2113711177,13.3118277282,1
22,_round22_adaptive_search_records.jsonl,sudoku4_refine,sudoku,0.5888671875,scalar_l8_trainable,0.6446533203,5.5786132812,,scalar_l6_trainable,0.9217529297,,med_vs_quick,0.5888671875,33.2885742188,1
22,_round22_adaptive_search_records.jsonl,sudoku9_probe,sudoku,0.0135289634,scalar_l6_trainable,0.0159108232,0.2381859756,,scalar_l6_trainable,0.0285823171,,med_vs_quick,0.0135289634,1.5053353659,1
24,_round24_punc_protein_records.jsonl,protein_ss_rt,protein_ss,0.3016760992,scalar_l10_sched_cos,0.3068219685,0.5145869290,,scalar_l10_sched_cos,0.3431246933,,med_vs_quick,0.3016760992,4.1448594083,1
26,_round26_mbpp_hotpot_lowthroughput_records.jsonl,mbpp_low,mbpp,0.1046464930,scalar_l8_trainable,0.1146428728,0.9996379866,,scalar_l8_trainable,0.2963962830,,med_vs_quick,0.1046464930,19.1749790060,1
27,_round27_seedcheck_positive_s012_records.jsonl,mbpp_low,mbpp,0.1398883251,scalar_l8_trainable,0.1431078383,0.3219513181,,scalar_l8_trainable,0.2538681392,,med_vs_quick,0.1398883251,11.3979814102,1
27,_round27_seedcheck_positive_s012_records.jsonl,punc_restore,punc,0.0918447293,head_l8,0.0998753561,0.8030626781,,head_l8,0.1168771912,,med_vs_quick,0.0918447293,2.5032461886,1
28,_round28_mbpp_bsz_sweep_s0_records.jsonl,mbpp,mbpp,0.1449920917,scalar_l8_trainable,0.1241614394,-2.0830652305,,scalar_l8_trainable,0.2538681392,,med_vs_quick,0.1449920917,10.8876047480,1
29,_round29_punc_seed5_s01234_records.jsonl,punc_restore,punc,0.0981357231,head_l8,0.1045049858,0.6369262619,,head_l8,0.1168771912,,med_vs_quick,0.0981357231,1.8741468095,1
34,_round34_punc_transfer_s0_records.jsonl,punc_hotpot,punc,0.0918447293,head_l8,0.0998753561,0.8030626781,,scalar_l8_sched_cos,0.1188510101,,med_vs_quick,0.0918447293,2.7006280756,1
34,_round34_punc_transfer_s0_records.jsonl,punc_mbpp,punc,0.3761656818,scalar_l8_sched_cos,0.4067224900,3.0556808199,,scalar_l8_sched_cos,0.4825156325,,med_vs_quick,0.3761656818,10.6349950705,1
35,_round35_punc_transfer_prune_s0_records.jsonl,punc_hotpot,punc,0.0850029192,head_l8,0.0990996300,1.4096710719,,head_l8,0.1079687084,,med_vs_quick,0.0850029192,2.2965789146,1
35,_round35_punc_transfer_prune_s0_records.jsonl,punc_mbpp,punc,0.4082812907,scalar_l8_sched_cos,0.4211098100,1.2828519386,,scalar_l8_sched_cos,0.4679906749,,med_vs_quick,0.4082812907,5.9709384269,1
36,_round36_punc_scene_discovery_s0_records.jsonl,punc_hotpot,punc,0.0850029192,head_l8,0.0990996300,1.4096710719,,head_l8,0.1079687084,,med_vs_quick,0.0850029192,2.2965789146,1
36,_round36_punc_scene_discovery_s0_records.jsonl,punc_mbpp,punc,0.4082812907,scalar_l8_sched_cos,0.4211098100,1.2828519386,,scalar_l8_sched_cos,0.4527679493,,med_vs_quick,0.4082812907,4.4486658627,1
36,_round36_punc_scene_discovery_s0_records.jsonl,punc_squad,punc,0.1121975612,scalar_l8_sched_cos,0.1311973845,1.8999823276,,scalar_l8_sched_cos,0.1573875734,,med_vs_quick,0.1121975612,4.5190012224,1
61,_round61_strict_seed1_frontier_records.jsonl,mbpp_strict_seed1,mbpp,0.4043095962,head_l10_strong,0.4386401327,3.4330536491,0.4666541379,head_l10_strong,0.4701445393,0.3490401396,med_vs_med,0.4666541379,0.3490401396,1
62,_round62_3h_finishpack_records.jsonl,punc_restore_seed0_scout,punc,0.0844043344,head_l8,0.1009891010,1.6584766585,0.1058773059,head_l8,0.1109449193,0.5067613401,med_vs_med,0.1058773059,0.5067613401,1
63,_round63_useful_followup_records.jsonl,mbpp_seed2_regrescue,mbpp,0.3910749284,head_l10_clip07,0.4251519757,3.4077047296,0.4669261087,head_l10_clip07,0.4897465047,2.2820396085,med_vs_med,0.4669261087,2.2820396085,1
63,_round63_useful_followup_records.jsonl,punc_restore_seed1_confirm,punc,0.0791595792,scalar_l8_sched_cos,0.1033673534,2.4207774208,0.1220352126,scalar_l8_sched_cos,0.1431992337,2.1164021164,med_vs_med,0.1220352126,2.1164021164,1
65,_round65_mbpp_squad_seed23_records.jsonl,squad_strict_seed2,squad,0.1457575758,scalar_l8_train1e4,0.1558585859,1.0101010101,0.1832837302,scalar_l8_train1e4,0.1904237030,0.7139972833,med_vs_med,0.1832837302,0.7139972833,1
66,_round66_squad_mbpp_frontier_records.jsonl,squad_seed0_train1e4_confirm,squad,0.1332575758,scalar_l8_train1e4,0.1404966246,0.7239048870,0.1727220765,scalar_l8_train1e4,0.1900331605,1.7311083978,med_vs_med,0.1727220765,1.7311083978,1
67,_round67_squad3_mbpp0_records.jsonl,mbpp_seed0_reconfirm_strict,mbpp,0.4060379919,head_l10_strong,0.4287652646,2.2727272727,0.4839325513,head_l10_strong,0.4993700337,1.5437482464,med_vs_med,0.4839325513,1.5437482464,1
69,_round69_mbpp_squad_rescue_records.jsonl,mbpp_seed3_dualmed_rescue,mbpp,0.4089588697,head_l10_strong,0.4184758028,0.9516933061,0.4823201376,head_l8_nodetach,0.4828256987,0.0505561173,med_vs_med,0.4823201376,0.0505561173,1
70,_round70_squad3_mbpp2_records.jsonl,mbpp_seed2_dualmed_recheck,mbpp,0.3910749284,head_l10_clip07,0.4251519757,3.4077047296,0.4669261087,head_l10_clip07,0.4897465047,2.2820396085,med_vs_med,0.4669261087,2.2820396085,1
71,_round71_mbpp3_squad2_records.jsonl,squad_seed2_scalar_reconfirm,squad,0.1457575758,scalar_l8_train1e4,0.1558585859,1.0101010101,0.1832837302,scalar_l8_train1e4,0.1904237030,0.7139972833,med_vs_med,0.1832837302,0.7139972833,1
73,_round73_mbpp1_squad0_recheck_records.jsonl,mbpp_seed1_strict_recheck,mbpp,0.4043095962,head_l10_strong,0.4386401327,3.4330536491,0.4666541379,head_l10_strong,0.4701445393,0.3490401396,med_vs_med,0.4666541379,0.3490401396,1
73,_round73_mbpp1_squad0_recheck_records.jsonl,squad_seed0_frontier_recheck,squad,0.1332575758,scalar_l8_train1e4,0.1404966246,0.7239048870,0.1727220765,scalar_l8_train1e4,0.1900331605,1.7311083978,med_vs_med,0.1727220765,1.7311083978,1
74,_round74_punc1_squad2_frontier_records.jsonl,punc_seed1_frontier_recheck,punc,0.0791595792,scalar_l8_train1e4,0.1303943804,5.1234801235,0.1220352126,scalar_l8_train1e4,0.1303943804,0.8359167842,med_vs_med,0.1220352126,0.8359167842,1
74,_round74_punc1_squad2_frontier_records.jsonl,squad_seed2_frontier_recheck,squad,0.1457575758,scalar_l8_train1e4,0.1558585859,1.0101010101,0.1832837302,scalar_l8_train1e4,0.1904237030,0.7139972833,med_vs_med,0.1832837302,0.7139972833,1
75,_round75_mbpp3_punc0_targeted_records.jsonl,mbpp_seed3_l8_refine,mbpp,0.4089588697,head_l8_nodetach,0.4145136778,0.5554808068,0.4823201376,head_l8_nodetach,0.4828256987,0.0505561173,med_vs_med,0.4823201376,0.0505561173,1
75,_round75_mbpp3_punc0_targeted_records.jsonl,punc_seed0_frontier_recheck,punc,0.0844043344,head_l8,0.1009891010,1.6584766585,0.1058773059,head_l8,0.1109449193,0.5067613401,med_vs_med,0.1058773059,0.5067613401,1
76,_round76_punc1_squad0_dualmed_records.jsonl,punc_seed1_dualmed_compare,punc,0.0791595792,scalar_l8_train1e4,0.1303943804,5.1234801235,0.1087844255,scalar_l8_train1e4,0.1303943804,2.1609954943,med_vs_med,0.1087844255,2.1609954943,1
76,_round76_punc1_squad0_dualmed_records.jsonl,squad_seed0_dualmed_compare,squad,0.1332575758,scalar_l8_train1e4,0.1404966246,0.7239048870,0.1727220765,scalar_l8_train1e4,0.1900331605,1.7311083978,med_vs_med,0.1727220765,1.7311083978,1
77,_round77_fastdiscover_records.jsonl,arc_seed0_discovery,arc_mc,0.1035906768,scalar_l8_train8e5,0.1135822776,0.9991600756,0.1233192116,scalar_l8_train8e5,0.1262514422,0.2932230601,med_vs_med,0.1233192116,0.2932230601,1
78,_round78_fastdiscover_records.jsonl,protein_ss_seed0_discovery,protein_ss,0.2717168607,scalar_l8_train1e4,0.3076746113,3.5957750623,0.2717168607,scalar_l8_train1e4,0.3076746113,3.5957750623,med_vs_med,0.2717168607,3.5957750623,1
79,_round79_fastdiscover_records.jsonl,hotpot_seed1_discovery,hotpot,0.0791595792,scalar_l8_train1e4,0.1303943804,5.1234801235,0.1087844255,scalar_l8_train1e4,0.1303943804,2.1609954943,med_vs_med,0.1087844255,2.1609954943,1
81,_round81_fastdiscover_records.jsonl,punc_seed1_anchor,punc,0.0791595792,scalar_l8_train1e4,0.1303943804,5.1234801235,0.1087844255,scalar_l8_train1e4,0.1303943804,2.1609954943,med_vs_med,0.1087844255,2.1609954943,1
81,_round81_fastdiscover_records.jsonl,squad_seed2_anchor,squad,0.1457575758,scalar_l8_train1e4,0.1558585859,1.0101010101,0.1832837302,scalar_l8_train1e4,0.1904237030,0.7139972833,med_vs_med,0.1832837302,0.7139972833,1
82,_round82_fastdiscover_records.jsonl,mbpp_seed2_anchor,mbpp,0.3910749284,scalar_l8_sched_cos,0.4118526200,2.0777691632,0.4669261087,scalar_l8_sched_cos,0.4758448959,0.8918787288,med_vs_med,0.4669261087,0.8918787288,1
92,_round92_fastdiscover_records.jsonl,protein_ss_seed1_discovery,protein_ss,0.2522933547,head_l8,0.3461545156,9.3861160874,0.3222615304,head_l8,0.3461545156,2.3892985164,med_vs_med,0.3222615304,2.3892985164,1
93,_round93_fastdiscover_records.jsonl,mbpp_seed0_anchor,mbpp,0.4068606166,scalar_l8_train8e5,0.4354646114,2.8603994789,0.4806949304,scalar_l8_train8e5,0.5009952408,2.0300310395,med_vs_med,0.4806949304,2.0300310395,1
96,_round96_fastdiscover_records.jsonl,protein_ss_seed3_discovery,protein_ss,0.3128667102,scalar_l8_train1e4,0.3296769352,1.6810225063,0.3128667102,scalar_l8_train1e4,0.3296769352,1.6810225063,med_vs_med,0.3128667102,1.6810225063,1
97,_round97_fastdiscover_records.jsonl,squad_seed2_anchor_recheck,squad,0.1457575758,scalar_l8_train1e4,0.1558585859,1.0101010101,0.1832837302,scalar_l8_train1e4,0.1904237030,0.7139972833,med_vs_med,0.1832837302,0.7139972833,1
98,_round98_fastdiscover_records.jsonl,punc_seed1_anchor_recheck,punc,0.0791595792,scalar_l8_train1e4,0.1303943804,5.1234801235,0.1087844255,scalar_l8_train1e4,0.1303943804,2.1609954943,med_vs_med,0.1087844255,2.1609954943,1
99,_round99_fastdiscover_records.jsonl,mbpp_seed2_headprobe,mbpp,0.3910749284,head_l10_strong,0.4251519757,3.4077047296,0.4669261087,head_l10_strong,0.4897465047,2.2820396085,med_vs_med,0.4669261087,2.2820396085,1
99,_round99_fastdiscover_records.jsonl,protein_ss_seed4_discovery,protein_ss,0.3029752575,scalar_l8_train8e5,0.3520151875,4.9039930040,0.3029752575,scalar_l8_train8e5,0.3520151875,4.9039930040,med_vs_med,0.3029752575,4.9039930040,1
100,_round100_fastdiscover_records.jsonl,arc_seed0_headprobe,arc_mc,0.1035906768,scalar_l8_train8e5,0.1135822776,0.9991600756,0.1233192116,scalar_l8_train8e5,0.1262514422,0.2932230601,med_vs_med,0.1233192116,0.2932230601,1
100,_round100_fastdiscover_records.jsonl,hotpot_seed1_headprobe,hotpot,0.0791595792,scalar_l8_train1e4,0.1303943804,5.1234801235,0.1087844255,scalar_l8_train1e4,0.1303943804,2.1609954943,med_vs_med,0.1087844255,2.1609954943,1
101,_round101_fastdiscover_records.jsonl,punc_seed1_anchor_recheck2,punc,0.0791595792,scalar_l8_train1e4,0.1303943804,5.1234801235,0.1087844255,scalar_l8_train1e4,0.1303943804,2.1609954943,med_vs_med,0.1087844255,2.1609954943,1
101,_round101_fastdiscover_records.jsonl,squad_seed2_anchor_recheck2,squad,0.1457575758,scalar_l8_train1e4,0.1558585859,1.0101010101,0.1832837302,scalar_l8_train1e4,0.1904237030,0.7139972833,med_vs_med,0.1832837302,0.7139972833,1
102,_round102_fastdiscover_records.jsonl,mbpp_seed0_anchor_recheck2,mbpp,0.4068606166,scalar_l8_sched_cos,0.4211895070,1.4328890423,0.4806949304,scalar_l8_sched_cos,0.4926484082,1.1953477784,med_vs_med,0.4806949304,1.1953477784,1
102,_round102_fastdiscover_records.jsonl,protein_ss_seed1_anchor_recheck,protein_ss,0.2522933547,head_l8,0.3461545156,9.3861160874,0.3222615304,head_l8,0.3461545156,2.3892985164,med_vs_med,0.3222615304,2.3892985164,1
103,_round103_fastdiscover_records.jsonl,protein_ss_seed5_discovery,protein_ss,0.2308077698,head_l8,0.2829857764,5.2178006590,0.2667652491,head_l8,0.2829857764,1.6220527330,med_vs_med,0.2667652491,1.6220527330,1
104,_round104_fastdiscover_records.jsonl,arc_seed4_discovery,arc_mc,0.0907293344,scalar_l8_train1e4,0.1190767831,2.8347448730,0.1034365044,scalar_l8_train1e4,0.1307075172,2.7271012827,med_vs_med,0.1034365044,2.7271012827,1
104,_round104_fastdiscover_records.jsonl,mbpp_seed4_headprobe,mbpp,0.4061133725,scalar_l8_sched_cos,0.4286145032,2.2501130710,0.4753265413,scalar_l8_sched_cos,0.4882157482,1.2889206902,med_vs_med,0.4753265413,1.2889206902,1
109,_round109_fastdiscover_records.jsonl,hotpot_seed6_discovery,hotpot,0.0709595960,scalar_l8_train1e4,0.0995558496,2.8596253596,0.0900522317,scalar_l8_train1e4,0.1259233449,3.5871113229,med_vs_med,0.0900522317,3.5871113229,1
112,_round112_fastdiscover_records.jsonl,hotpot_longctx_seed1_discovery,hotpot,0.0666666667,scalar_l8_train1e4,0.0888888889,2.2222222222,0.0666666667,scalar_l8_train1e4,0.0888888889,2.2222222222,med_vs_med,0.0666666667,2.2222222222,1
115,_round115_fastdiscover_records.jsonl,punc_seed3_anchor,punc,0.0831734190,scalar_l8_train1e4,0.0951643399,1.1990920960,0.0888277941,scalar_l8_train1e4,0.1038393901,1.5011596036,med_vs_med,0.0888277941,1.5011596036,1
118,_round118_fastdiscover_records.jsonl,hotpot_seed8_discovery,hotpot,0.0919800920,scalar_l8_train8e5,0.1073993574,1.5419265419,0.1059233449,scalar_l8_train8e5,0.1131054131,0.7182068158,med_vs_med,0.1059233449,0.7182068158,1
121,_round121_fastdiscover_records.jsonl,hotpot_seed13_discovery,hotpot,0.0556397306,scalar_l8_train1e4,0.1097303597,5.4090629091,0.0939984004,scalar_l8_train1e4,0.1097303597,1.5731959337,med_vs_med,0.0939984004,1.5731959337,1
121,_round121_fastdiscover_records.jsonl,protein_ss_seed10_discovery,protein_ss,0.2392762180,scalar_l8_train8e5,0.3361590102,9.6882792252,0.2765932792,scalar_l8_train8e5,0.3361590102,5.9565731015,med_vs_med,0.2765932792,5.9565731015,1
123,_round123_fastdiscover_records.jsonl,punc_seed4_anchor,punc,0.0770032592,scalar_l8_train8e5,0.0860837996,0.9080540371,0.0847694210,scalar_l8_train8e5,0.0927594125,0.7989991570,med_vs_med,0.0847694210,0.7989991570,1
127,_round127_fastdiscover_records.jsonl,mbpp_longctx_seed2_repair,mbpp_longctx,0.0929810930,scalar_l8_train1e4,0.1401191401,4.7138047138,0.1944805195,scalar_l8_train1e4,0.2076923077,1.3211788212,med_vs_med,0.1944805195,1.3211788212,1
134,_round134_fastdiscover_records.jsonl,mbpp_seed11_anchor,mbpp,0.4200876651,scalar_l8_sched_cos,0.4285959994,0.8508334300,0.4606665908,scalar_l8_sched_cos,0.4974920460,3.6825455226,med_vs_med,0.4606665908,3.6825455226,1
134,_round134_fastdiscover_records.jsonl,punc_seed7_anchor,punc,0.0775363775,scalar_l8_train1e4,0.0885418234,1.1005445906,0.0977241653,scalar_l8_train1e4,0.1090339666,1.1309801329,med_vs_med,0.0977241653,1.1309801329,1
136,_round136_fastdiscover_records.jsonl,arc_mc_seed3_discovery,arc_mc,0.2916666667,scalar_l8_sched_cos,0.4166666667,12.5000000000,0.2916666667,scalar_l8_sched_cos,0.4166666667,12.5000000000,med_vs_med,0.2916666667,12.5000000000,1
154,_round154_fastdiscover_records.jsonl,hotpot_seed25_discovery,hotpot,0.0538335538,scalar_l8_train1e4,0.1149751150,6.1141561142,0.1087844255,scalar_l8_train1e4,0.1149751150,0.6190689524,med_vs_med,0.1087844255,0.6190689524,1
154,_round154_fastdiscover_records.jsonl,mbpp_seed18_headprobe,mbpp,0.4211000942,scalar_l8_sched_cos,0.4320842597,1.0984165509,0.4640339956,scalar_l8_sched_cos,0.4934960834,2.9462087853,med_vs_med,0.4640339956,2.9462087853,1
155,_round155_fastdiscover_records.jsonl,protein_ss_seed24_discovery,protein_ss,0.2518830746,scalar_l8_train8e5,0.3059371184,5.4054043885,0.2667652491,scalar_l8_train8e5,0.3059371184,3.9171869361,med_vs_med,0.2667652491,3.9171869361,1
156,_round156_fastdiscover_records.jsonl,mbpp_seed19_anchor,mbpp,0.4002102500,scalar_l8_sched_cos,0.4291546855,2.8944435502,0.4639630073,scalar_l8_sched_cos,0.4699709457,0.6007938375,med_vs_med,0.4639630073,0.6007938375,1
157,_round157_fastdiscover_records.jsonl,arc_mc_seed13_discovery,arc_mc,0.2916666667,scalar_l8_train8e5,0.5000000000,20.8333333333,0.2916666667,scalar_l8_train8e5,0.5000000000,20.8333333333,med_vs_med,0.2916666667,20.8333333333,1
157,_round157_fastdiscover_records.jsonl,hotpot_seed26_discovery,hotpot,0.0614093114,scalar_l8_train8e5,0.1329931330,7.1583821584,0.0909812410,scalar_l8_train8e5,0.1329931330,4.2011892012,med_vs_med,0.0909812410,4.2011892012,1
158,_round158_fastdiscover_records.jsonl,protein_ss_seed25_discovery,protein_ss,0.2411439093,scalar_l8_train8e5,0.2641238513,2.2979941966,0.2799771967,scalar_l8_train8e5,0.3403620096,6.0384812923,med_vs_med,0.2799771967,6.0384812923,1
159,_round159_fastdiscover_records.jsonl,mbpp_seed20_headprobe,mbpp,0.4031808000,head_l10_strong,0.4203236648,1.7142864824,0.4543278860,head_l10_strong,0.4830312760,2.8703389995,med_vs_med,0.4543278860,2.8703389995,1
159,_round159_fastdiscover_records.jsonl,punc_seed14_anchor,punc,0.0765217468,head_l8,0.0870861033,1.0564356529,0.1088115500,head_l8,0.1105152094,0.1703659390,med_vs_med,0.1088115500,0.1703659390,1
160,_round160_fastdiscover_records.jsonl,arc_mc_seed14_discovery,arc_mc,0.2916666667,scalar_l8_train1e4,0.3333333333,4.1666666667,0.3333333333,scalar_l8_train1e4,0.4166666667,8.3333333333,med_vs_med,0.3333333333,8.3333333333,1
161,_round161_fastdiscover_records.jsonl,protein_ss_seed27_discovery,protein_ss,0.2760915808,scalar_l8_train1e4,0.2955790798,1.9487498929,0.2760915808,scalar_l8_train1e4,0.2955790798,1.9487498929,med_vs_med,0.2760915808,1.9487498929,1
163,_round163_fastdiscover_records.jsonl,arc_mc_seed16_discovery,arc_mc,0.2916666667,scalar_l8_sched_cos,0.3333333333,4.1666666667,0.3333333333,scalar_l8_sched_cos,0.5000000000,16.6666666667,med_vs_med,0.3333333333,16.6666666667,1
163,_round163_fastdiscover_records.jsonl,protein_ss_seed28_discovery,protein_ss,0.2913417916,scalar_l8_train1e4,0.3053373284,1.3995536738,0.2913417916,scalar_l8_train1e4,0.3053373284,1.3995536738,med_vs_med,0.2913417916,1.3995536738,1
165,_round165_fastdiscover_records.jsonl,hotpot_seed28_discovery,hotpot,0.0960120960,scalar_l8_train8e5,0.1228186228,2.6806526807,0.1171177588,scalar_l8_train8e5,0.1228186228,0.5700864034,med_vs_med,0.1171177588,0.5700864034,1
167,_round167_fastdiscover_records.jsonl,punc_seed16_anchor,punc,0.0708965605,scalar_l8_train8e5,0.0842796889,1.3383128433,0.0980413794,scalar_l8_train8e5,0.1002554813,0.2214101901,med_vs_med,0.0980413794,0.2214101901,1
168,_round168_fastdiscover_records.jsonl,arc_mc_seed18_discovery,arc_mc,0.3333333333,scalar_l8_train1e4,0.3750000000,4.1666666667,0.3750000000,scalar_l8_train1e4,0.4583333333,8.3333333333,med_vs_med,0.3750000000,8.3333333333,1
169,_round169_fastdiscover_records.jsonl,arc_mc_seed19_discovery,arc_mc,0.2916666667,scalar_l8_train8e5,0.4166666667,12.5000000000,0.3750000000,scalar_l8_train8e5,0.4166666667,4.1666666667,med_vs_med,0.3750000000,4.1666666667,1
170,_round170_fastdiscover_records.jsonl,mbpp_seed24_headprobe,mbpp,0.4002650652,scalar_l8_train8e5,0.4288190557,2.8553990580,0.4674374357,scalar_l8_train8e5,0.4726174217,0.5179985940,med_vs_med,0.4674374357,0.5179985940,1
171,_round171_fastdiscover_records.jsonl,arc_mc_seed20_discovery,arc_mc,0.3333333333,scalar_l8_train1e4,0.4166666667,8.3333333333,0.3333333333,scalar_l8_train1e4,0.4166666667,8.3333333333,med_vs_med,0.3333333333,8.3333333333,1
171,_round171_fastdiscover_records.jsonl,protein_ss_seed32_discovery,protein_ss,0.2833291830,scalar_l8_train8e5,0.3008730426,1.7543859649,0.2940910798,scalar_l8_train8e5,0.3008730426,0.6781962828,med_vs_med,0.2940910798,0.6781962828,1
173,_round173_fastdiscover_records.jsonl,hotpot_seed30_discovery,hotpot,0.0957443457,head_l8,0.1135418635,1.7797517798,0.1087844255,head_l8,0.1135418635,0.4757438091,med_vs_med,0.1087844255,0.4757438091,1
174,_round174_fastdiscover_records.jsonl,mbpp_longctx_seed7_repair,mbpp_longctx,0.1262194596,scalar_l8_train1e4,0.1426228093,1.6403349737,0.2248978620,scalar_l8_train1e4,0.2282467532,0.3348891252,med_vs_med,0.2248978620,0.3348891252,1
174,_round174_fastdiscover_records.jsonl,protein_ss_seed33_discovery,protein_ss,0.2878148898,scalar_l8_train1e4,0.3019815832,1.4166693443,0.2878148898,scalar_l8_train1e4,0.3019815832,1.4166693443,med_vs_med,0.2878148898,1.4166693443,1
175,_round175_fastdiscover_records.jsonl,punc_seed18_anchor,punc,0.0779217250,head_l8,0.0912474327,1.3325707756,0.0964588667,head_l8,0.1086994412,1.2240574531,med_vs_med,0.0964588667,1.2240574531,1
181,_round181_fastdiscover_records.jsonl,hotpot_seed32_discovery,hotpot,0.0804958826,scalar_l8_train1e4,0.1021546022,2.1658719591,0.1017503384,scalar_l8_train1e4,0.1087844255,0.7034087073,med_vs_med,0.1017503384,0.7034087073,1
182,_round182_fastdiscover_records.jsonl,mbpp_longctx_seed8_repair,mbpp_longctx,0.1549684883,head_l8,0.1857031857,3.0734697401,0.1964285714,head_l8,0.2018037518,0.5375180375,med_vs_med,0.1964285714,0.5375180375,1
182,_round182_fastdiscover_records.jsonl,protein_ss_seed37_discovery,protein_ss,0.2913417916,scalar_l8_train1e4,0.3068965517,1.5554760098,0.2939371389,scalar_l8_train1e4,0.3154506375,2.1513498601,med_vs_med,0.2939371389,2.1513498601,1
184,_round184_fastdiscover_records.jsonl,protein_ss_seed38_discovery,protein_ss,0.2776402298,head_l8,0.2954075532,1.7767323399,0.2897024142,head_l8,0.2954075532,0.5705138983,med_vs_med,0.2897024142,0.5705138983,1
187,_round187_fastdiscover_records.jsonl,arc_mc_seed28_discovery,arc_mc,0.2916666667,scalar_l8_train8e5,0.3333333333,4.1666666667,0.3333333333,scalar_l8_train8e5,0.3750000000,4.1666666667,med_vs_med,0.3333333333,4.1666666667,1
188,_round188_fastdiscover_records.jsonl,punc_seed21_anchor,punc,0.0797127466,head_l8,0.0951395744,1.5426827823,0.1093525387,head_l8,0.1147917262,0.5439187509,med_vs_med,0.1093525387,0.5439187509,1
189,_round189_fastdiscover_records.jsonl,hotpot_seed34_discovery,hotpot,0.0841365841,head_l8,0.1085648586,2.4428274428,0.1023979107,head_l8,0.1085648586,0.6166947834,med_vs_med,0.1023979107,0.6166947834,1
191,_round191_fastdiscover_records.jsonl,mbpp_seed32_headprobe,mbpp,0.4127623447,head_l10_strong,0.4209295094,0.8167164728,0.4717633497,head_l10_strong,0.4885860522,1.6822702432,med_vs_med,0.4717633497,1.6822702432,1
193,_round193_fastdiscover_records.jsonl,arc_mc_seed31_discovery,arc_mc,0.3333333333,scalar_l8_sched_cos,0.3750000000,4.1666666667,0.3333333333,scalar_l8_sched_cos,0.4166666667,8.3333333333,med_vs_med,0.3333333333,8.3333333333,1
193,_round193_fastdiscover_records.jsonl,protein_ss_seed43_discovery,protein_ss,0.3115903165,scalar_l8_train1e4,0.3246551207,1.3064804245,0.3115903165,scalar_l8_train1e4,0.3359850754,2.4394758909,med_vs_med,0.3115903165,2.4394758909,1
195,_round195_fastdiscover_records.jsonl,arc_mc_seed32_discovery,arc_mc,0.3750000000,scalar_l8_sched_cos,0.4583333333,8.3333333333,0.3750000000,scalar_l8_sched_cos,0.4583333333,8.3333333333,med_vs_med,0.3750000000,8.3333333333,1
196,_round196_fastdiscover_records.jsonl,punc_seed23_anchor,punc,0.0863630222,head_l8,0.0946455426,0.8282520325,0.1041100257,head_l8,0.1071764951,0.3066469367,med_vs_med,0.1041100257,0.3066469367,1
198,_round198_fastdiscover_records.jsonl,mbpp_longctx_seed10_repair,mbpp_longctx,0.0929810930,head_l8,0.1625658292,6.9584736251,0.1629807692,head_l8,0.1964285714,3.3447802198,med_vs_med,0.1629807692,3.3447802198,1
198,_round198_fastdiscover_records.jsonl,protein_ss_seed45_discovery,protein_ss,0.2750532849,scalar_l8_train1e4,0.3119422109,3.6888926013,0.2761118598,scalar_l8_train1e4,0.3119422109,3.5830351096,med_vs_med,0.2761118598,3.5830351096,1
203,_round203_fastdiscover_records.jsonl,protein_ss_seed48_discovery,protein_ss,0.2698493027,scalar_l8_train8e5,0.3237902448,5.3940942099,0.2991820156,scalar_l8_train8e5,0.3237902448,2.4608229269,med_vs_med,0.2991820156,2.4608229269,1
204,_round204_fastdiscover_records.jsonl,mbpp_seed37_anchor,mbpp,0.4158704199,scalar_l8_sched_cos,0.4394648216,2.3594401662,0.4625317851,scalar_l8_sched_cos,0.4880077008,2.5475915701,med_vs_med,0.4625317851,2.5475915701,1
206,_round206_fastdiscover_records.jsonl,mbpp_longctx_seed11_repair,mbpp_longctx,0.0891824225,scalar_l8_train8e5,0.1556591557,6.6476733143,0.2035714286,scalar_l8_train8e5,0.2244588745,2.0887445887,med_vs_med,0.2035714286,2.0887445887,1
207,_round207_fastdiscover_records.jsonl,mbpp_seed38_headprobe,mbpp,0.4148473047,scalar_l8_train8e5,0.4337237864,1.8876481772,0.4660821832,scalar_l8_train8e5,0.4758321025,0.9749919269,med_vs_med,0.4660821832,0.9749919269,1
209,_round209_fastdiscover_records.jsonl,arc_mc_seed39_discovery,arc_mc,0.3333333333,scalar_l8_train1e4,0.4166666667,8.3333333333,0.3333333333,scalar_l8_train1e4,0.4166666667,8.3333333333,med_vs_med,0.3333333333,8.3333333333,1
210,_round210_fastdiscover_records.jsonl,hotpot_seed39_discovery,hotpot,0.1024223524,scalar_l8_train1e4,0.1149751150,1.2552762553,0.1024223524,scalar_l8_train1e4,0.1331168831,3.0694530695,med_vs_med,0.1024223524,3.0694530695,1
211,_round211_fastdiscover_records.jsonl,arc_mc_seed40_discovery,arc_mc,0.3750000000,scalar_l8_sched_cos,0.4166666667,4.1666666667,0.3750000000,scalar_l8_sched_cos,0.4166666667,4.1666666667,med_vs_med,0.3750000000,4.1666666667,1
211,_round211_fastdiscover_records.jsonl,protein_ss_seed52_discovery,protein_ss,0.2968304843,scalar_l8_train1e4,0.3075850873,1.0754602996,0.2968304843,scalar_l8_train1e4,0.3075850873,1.0754602996,med_vs_med,0.2968304843,1.0754602996,1
213,_round213_fastdiscover_records.jsonl,arc_mc_seed41_discovery,arc_mc,0.3333333333,scalar_l8_sched_cos,0.3750000000,4.1666666667,0.3333333333,scalar_l8_sched_cos,0.3750000000,4.1666666667,med_vs_med,0.3333333333,4.1666666667,1
214,_round214_fastdiscover_records.jsonl,mbpp_longctx_seed12_repair,mbpp_longctx,0.1603211603,scalar_l8_train8e5,0.1834585168,2.3137356471,0.1846153846,scalar_l8_train8e5,0.2283549784,4.3739593740,med_vs_med,0.1846153846,4.3739593740,1
216,_round216_fastdiscover_records.jsonl,protein_ss_seed54_discovery,protein_ss,0.2955790798,scalar_l8_train8e5,0.3173795656,2.1800485841,0.2955790798,scalar_l8_train8e5,0.3173795656,2.1800485841,med_vs_med,0.2955790798,2.1800485841,1
219,_round219_fastdiscover_records.jsonl,protein_ss_seed56_discovery,protein_ss,0.2564285291,scalar_l8_train1e4,0.2808210857,2.4392556596,0.2564285291,scalar_l8_train1e4,0.3038896376,4.7461108518,med_vs_med,0.2564285291,4.7461108518,1
221,_round221_fastdiscover_records.jsonl,arc_mc_seed45_discovery,arc_mc,0.2916666667,scalar_l8_train1e4,0.3750000000,8.3333333333,0.3750000000,scalar_l8_train1e4,0.4166666667,4.1666666667,med_vs_med,0.3750000000,4.1666666667,1
221,_round221_fastdiscover_records.jsonl,hotpot_seed42_discovery,hotpot,0.0818055818,scalar_l8_train8e5,0.0995558496,1.7750267750,0.1087844255,scalar_l8_train8e5,0.1311688312,2.2384405718,med_vs_med,0.1087844255,2.2384405718,1
222,_round222_fastdiscover_records.jsonl,mbpp_longctx_seed13_repair,mbpp_longctx,0.1300181300,scalar_l8_train8e5,0.1486661487,1.8648018648,0.1712842713,scalar_l8_train8e5,0.2712842713,10.0000000000,med_vs_med,0.1712842713,10.0000000000,1
222,_round222_fastdiscover_records.jsonl,protein_ss_seed57_discovery,protein_ss,0.2968304843,scalar_l8_train1e4,0.3097232933,1.2892808945,0.2968304843,scalar_l8_train1e4,0.3097232933,1.2892808945,med_vs_med,0.2968304843,1.2892808945,1
223,_round223_fastdiscover_records.jsonl,mbpp_seed44_headprobe,mbpp,0.3898340561,scalar_l8_sched_cos,0.4219447084,3.2110652246,0.4594205545,scalar_l8_sched_cos,0.4607201909,0.1299636314,med_vs_med,0.4594205545,0.1299636314,1
224,_round224_fastdiscover_records.jsonl,protein_ss_seed58_discovery,protein_ss,0.2604990039,head_l8,0.3101323019,4.9633297989,0.2812033937,head_l8,0.3175445493,3.6341155574,med_vs_med,0.2812033937,3.6341155574,1
225,_round225_fastdiscover_records.jsonl,arc_mc_seed47_discovery,arc_mc,0.3333333333,scalar_l8_sched_cos,0.3750000000,4.1666666667,0.3333333333,scalar_l8_sched_cos,0.3750000000,4.1666666667,med_vs_med,0.3333333333,4.1666666667,1
226,_round226_fastdiscover_records.jsonl,hotpot_seed43_discovery,hotpot,0.1111636112,scalar_l8_train8e5,0.1225508726,1.1387261387,0.1187228207,scalar_l8_train8e5,0.1225508726,0.3828051858,med_vs_med,0.1187228207,0.3828051858,1
226,_round226_fastdiscover_records.jsonl,mbpp_seed45_headprobe,mbpp,0.4143935617,head_l10_strong,0.4426720142,2.8278452487,0.4668820060,head_l10_strong,0.5132678927,4.6385886701,med_vs_med,0.4668820060,4.6385886701,1
227,_round227_fastdiscover_records.jsonl,protein_ss_seed60_discovery,protein_ss,0.2425299277,head_l8,0.3025470912,6.0017163474,0.2667652491,head_l8,0.3209852383,5.4219989218,med_vs_med,0.2667652491,5.4219989218,1
229,_round229_fastdiscover_records.jsonl,hotpot_seed44_discovery,hotpot,0.0945788446,scalar_l8_train1e4,0.1239841240,2.9405279405,0.1171177588,scalar_l8_train1e4,0.1239841240,0.6866365200,med_vs_med,0.1171177588,0.6866365200,1
401,_round401_fastdiscover_records.jsonl,arc_mc_seed114_discovery,arc_mc,0.3333333333,scalar_l8_train1e4,0.3750000000,4.1666666667,0.3333333333,scalar_l8_train1e4,0.3750000000,4.1666666667,med_vs_med,0.3333333333,4.1666666667,1
401,_round401_fastdiscover_records.jsonl,protein_ss_seed166_discovery,protein_ss,0.2392762180,scalar_l8_sched_cos,0.2692959583,3.0019740286,0.2677361554,scalar_l8_sched_cos,0.2692959583,0.1559802925,med_vs_med,0.2677361554,0.1559802925,1
403,_round403_fastdiscover_records.jsonl,squad_seed48_discovery,squad,0.1357323232,scalar_l8_sched_cos,0.1457828283,1.0050505051,0.1775140059,scalar_l8_sched_cos,0.1847871902,0.7273184294,med_vs_med,0.1775140059,0.7273184294,1
405,_round405_fastdiscover_records.jsonl,arc_mc_seed115_discovery,arc_mc,0.3333333333,scalar_l8_train1e4,0.4583333333,12.5000000000,0.3333333333,scalar_l8_train1e4,0.4583333333,12.5000000000,med_vs_med,0.3333333333,12.5000000000,1
406,_round406_fastdiscover_records.jsonl,hotpot_seed67_discovery,hotpot,0.0688019188,scalar_l8_train1e4,0.1085648586,3.9762939763,0.1049857550,scalar_l8_train1e4,0.1085648586,0.3579103579,med_vs_med,0.1049857550,0.3579103579,1
406,_round406_fastdiscover_records.jsonl,protein_ss_seed169_discovery,protein_ss,0.2583156068,head_l8,0.2913417916,3.3026184819,0.2669305930,head_l8,0.3023228662,3.5392273192,med_vs_med,0.2669305930,3.5392273192,1
408,_round408_fastdiscover_records.jsonl,protein_ss_seed170_discovery,protein_ss,0.2428678731,scalar_l8_train1e4,0.3255808622,8.2712989171,0.2887833393,scalar_l8_train1e4,0.3255808622,3.6797522911,med_vs_med,0.2887833393,3.6797522911,1
409,_round409_fastdiscover_records.jsonl,protein_ss_seed171_discovery,protein_ss,0.2406851769,scalar_l8_sched_cos,0.2744034578,3.3718280901,0.2495447015,scalar_l8_sched_cos,0.2744034578,2.4858756286,med_vs_med,0.2495447015,2.4858756286,1
410,_round410_fastdiscover_records.jsonl,mbpp_seed92_headprobe,mbpp,0.4060379919,scalar_l8_sched_cos,0.4185134931,1.2475501281,0.4711913950,scalar_l8_sched_cos,0.4900656788,1.8874283788,med_vs_med,0.4711913950,1.8874283788,1
412,_round412_fastdiscover_records.jsonl,protein_ss_seed173_discovery,protein_ss,0.2968304843,scalar_l8_train1e4,0.3266187196,2.9788235278,0.2968304843,scalar_l8_train1e4,0.3266187196,2.9788235278,med_vs_med,0.2968304843,2.9788235278,1
414,_round414_fastdiscover_records.jsonl,protein_ss_seed174_discovery,protein_ss,0.3105540293,scalar_l8_sched_cos,0.3563228317,4.5768802348,0.3105540293,scalar_l8_sched_cos,0.3563228317,4.5768802348,med_vs_med,0.3105540293,4.5768802348,1
417,_round417_fastdiscover_records.jsonl,arc_mc_seed120_discovery,arc_mc,0.3333333333,scalar_l8_sched_cos,0.3750000000,4.1666666667,0.3750000000,scalar_l8_sched_cos,0.5000000000,12.5000000000,med_vs_med,0.3750000000,12.5000000000,1
417,_round417_fastdiscover_records.jsonl,protein_ss_seed176_discovery,protein_ss,0.2913417916,head_l8,0.3145557871,2.3213995502,0.3141134693,head_l8,0.3145557871,0.0442317857,med_vs_med,0.3141134693,0.0442317857,1
419,_round419_fastdiscover_records.jsonl,squad_seed52_discovery,squad,0.1408838384,scalar_l8_sched_cos,0.1609090909,2.0025252525,0.1867559524,scalar_l8_sched_cos,0.1874569602,0.0701007776,med_vs_med,0.1867559524,0.0701007776,1
420,_round420_fastdiscover_records.jsonl,protein_ss_seed177_discovery,protein_ss,0.2308077698,scalar_l8_sched_cos,0.2398074870,0.8999717151,0.2377063373,scalar_l8_sched_cos,0.2625377685,2.4831431194,med_vs_med,0.2377063373,2.4831431194,1
422,_round422_fastdiscover_records.jsonl,mbpp_seed95_headprobe,mbpp,0.4235263079,head_l10_strong,0.4462912709,2.2764963063,0.4610993617,head_l10_strong,0.4848300767,2.3730715003,med_vs_med,0.4610993617,2.3730715003,1
425,_round425_fastdiscover_records.jsonl,arc_mc_seed122_discovery,arc_mc,0.3333333333,scalar_l8_sched_cos,0.4166666667,8.3333333333,0.3333333333,scalar_l8_sched_cos,0.4166666667,8.3333333333,med_vs_med,0.3333333333,8.3333333333,1
425,_round425_fastdiscover_records.jsonl,protein_ss_seed180_discovery,protein_ss,0.2913417916,scalar_l8_sched_cos,0.3287759998,3.7434208203,0.2913417916,scalar_l8_sched_cos,0.3287759998,3.7434208203,med_vs_med,0.2913417916,3.7434208203,1
427,_round427_fastdiscover_records.jsonl,squad_seed54_discovery,squad,0.1383080808,scalar_l8_train1e4,0.1508080808,1.2500000000,0.1811534347,scalar_l8_train1e4,0.1972106016,1.6057166877,med_vs_med,0.1811534347,1.6057166877,1
428,_round428_fastdiscover_records.jsonl,mbpp_longctx_seed62_repair,mbpp_longctx,0.1053267720,scalar_l8_sched_cos,0.1486661487,4.3339376673,0.2284271284,scalar_l8_sched_cos,0.2361111111,0.7683982684,med_vs_med,0.2284271284,0.7683982684,1
430,_round430_fastdiscover_records.jsonl,protein_ss_seed182_discovery,protein_ss,0.2135607280,scalar_l8_sched_cos,0.2420451269,2.8484398897,0.2667652491,scalar_l8_sched_cos,0.2994253519,3.2660102825,med_vs_med,0.2667652491,3.2660102825,1
436,_round436_fastdiscover_records.jsonl,protein_ss_seed185_discovery,protein_ss,0.2656286817,scalar_l8_train1e4,0.2968177656,3.1189083821,0.2656286817,scalar_l8_train1e4,0.2968177656,3.1189083821,med_vs_med,0.2656286817,3.1189083821,1
438,_round438_fastdiscover_records.jsonl,protein_ss_seed186_discovery,protein_ss,0.2968304843,scalar_l8_sched_cos,0.3421086570,4.5278172686,0.2968304843,scalar_l8_sched_cos,0.3421086570,4.5278172686,med_vs_med,0.2968304843,4.5278172686,1
440,_round440_fastdiscover_records.jsonl,protein_ss_seed187_discovery,protein_ss,0.2968304843,scalar_l8_sched_cos,0.3079234325,1.1092948169,0.2968304843,scalar_l8_sched_cos,0.3079234325,1.1092948169,med_vs_med,0.2968304843,1.1092948169,1
441,_round441_fastdiscover_records.jsonl,arc_mc_seed126_discovery,arc_mc,0.3750000000,scalar_l8_train8e5,0.4166666667,4.1666666667,0.4166666667,scalar_l8_train8e5,0.4583333333,4.1666666667,med_vs_med,0.4166666667,4.1666666667,1
441,_round441_fastdiscover_records.jsonl,protein_ss_seed188_discovery,protein_ss,0.2461690569,scalar_l8_sched_cos,0.2648423610,1.8673304158,0.2855364630,scalar_l8_sched_cos,0.3268038085,4.1267345513,med_vs_med,0.2855364630,4.1267345513,1
444,_round444_fastdiscover_records.jsonl,protein_ss_seed189_discovery,protein_ss,0.2452306314,scalar_l8_train1e4,0.2539324899,0.8701858486,0.2667652491,scalar_l8_train1e4,0.3157184240,4.8953174968,med_vs_med,0.2667652491,4.8953174968,1
449,_round449_fastdiscover_records.jsonl,arc_mc_seed164_discovery,arc_mc,0.3333333333,scalar_l8_train1e4,0.4166666667,8.3333333333,0.3750000000,scalar_l8_train1e4,0.4166666667,4.1666666667,med_vs_med,0.3750000000,4.1666666667,1
449,_round449_fastdiscover_records.jsonl,protein_ss_seed232_discovery,protein_ss,0.2968304843,scalar_l8_sched_cos,0.3291977272,3.2367242894,0.2968304843,scalar_l8_sched_cos,0.3291977272,3.2367242894,med_vs_med,0.2968304843,3.2367242894,1
450,_round450_fastdiscover_records.jsonl,mbpp_seed126_headprobe,mbpp,0.4020842380,scalar_l8_sched_cos,0.4332392531,3.1155015198,0.4574407628,scalar_l8_sched_cos,0.4624653916,0.5024628754,med_vs_med,0.4574407628,0.5024628754,1
452,_round452_fastdiscover_records.jsonl,protein_ss_seed233_discovery,protein_ss,0.2784280892,head_l8,0.2955790798,1.7150990579,0.2784280892,head_l8,0.2955790798,1.7150990579,med_vs_med,0.2784280892,1.7150990579,1
455,_round455_fastdiscover_records.jsonl,squad_seed81_anchor,squad,0.1332575758,scalar_l8_train1e4,0.1483080808,1.5050505051,0.1782171202,scalar_l8_train1e4,0.1851326977,0.6915577520,med_vs_med,0.1782171202,0.6915577520,1
456,_round456_fastdiscover_records.jsonl,protein_ss_seed235_discovery,protein_ss,0.3192041010,scalar_l8_train1e4,0.3325534724,1.3349371372,0.3192041010,scalar_l8_train1e4,0.3325534724,1.3349371372,med_vs_med,0.3192041010,1.3349371372,1
465,_round465_fastdiscover_records.jsonl,arc_mc_seed170_discovery,arc_mc,0.3333333333,scalar_l8_train1e4,0.3750000000,4.1666666667,0.3333333333,scalar_l8_train1e4,0.3750000000,4.1666666667,med_vs_med,0.3333333333,4.1666666667,1
466,_round466_fastdiscover_records.jsonl,protein_ss_seed239_discovery,protein_ss,0.2784327960,head_l8,0.3517059208,7.3273124767,0.2784327960,head_l8,0.3517059208,7.3273124767,med_vs_med,0.2784327960,7.3273124767,1
503,_round503_fastdiscover_records.jsonl,hotpot_seed84_discovery,hotpot,0.0983903484,scalar_l8_train1e4,0.1099981100,1.1607761608,0.1144300144,scalar_l8_train1e4,0.1432597755,2.8829761025,med_vs_med,0.1144300144,2.8829761025,1
504,_round504_fastdiscover_records.jsonl,protein_ss_seed252_discovery,protein_ss,0.2392762180,scalar_l8_sched_cos,0.2668467309,2.7570512862,0.3040549815,scalar_l8_sched_cos,0.3293736663,2.5318684730,med_vs_med,0.3040549815,2.5318684730,1
505,_round505_fastdiscover_records.jsonl,arc_mc_seed184_discovery,arc_mc,0.3750000000,scalar_l8_train1e4,0.4166666667,4.1666666667,0.3750000000,scalar_l8_train1e4,0.4166666667,4.1666666667,med_vs_med,0.3750000000,4.1666666667,1
507,_round507_fastdiscover_records.jsonl,mbpp_longctx_seed99_repair,mbpp_longctx,0.1208667875,head_l8,0.1781058448,5.7239057239,0.1958152958,head_l8,0.2702380952,7.4422799423,med_vs_med,0.1958152958,7.4422799423,1
509,_round509_fastdiscover_records.jsonl,mbpp_seed143_anchor,mbpp,0.4233056793,head_l10_strong,0.4411653852,1.7859705942,0.4902741162,head_l10_strong,0.4908597540,0.0585637753,med_vs_med,0.4902741162,0.0585637753,1
509,_round509_fastdiscover_records.jsonl,protein_ss_seed254_discovery,protein_ss,0.3053373284,scalar_l8_sched_cos,0.3285460226,2.3208694283,0.3053373284,scalar_l8_sched_cos,0.3285460226,2.3208694283,med_vs_med,0.3053373284,2.3208694283,1
510,_round510_fastdiscover_records.jsonl,squad_seed95_anchor,squad,0.1307323232,head_l8,0.1533585859,2.2626262626,0.1675764520,head_l8,0.1811027265,1.3526274501,med_vs_med,0.1675764520,1.3526274501,1
511,_round511_fastdiscover_records.jsonl,hotpot_seed86_discovery,hotpot,0.0701505702,head_l8,0.1111636112,4.1013041013,0.1109449193,head_l8,0.1320512821,2.1106362773,med_vs_med,0.1109449193,2.1106362773,1
521,_round521_fastdiscover_records.jsonl,mbpp_seed146_headprobe,mbpp,0.3985376150,head_l10_strong,0.4159882406,1.7450625660,0.4563711603,head_l10_strong,0.4597547332,0.3383572893,med_vs_med,0.4563711603,0.3383572893,1
522,_round522_fastdiscover_records.jsonl,protein_ss_seed259_discovery,protein_ss,0.3010511053,scalar_l8_sched_cos,0.3508838871,4.9832781741,0.3010511053,scalar_l8_sched_cos,0.3508838871,4.9832781741,med_vs_med,0.3010511053,4.9832781741,1
525,_round525_fastdiscover_records.jsonl,protein_ss_seed260_discovery,protein_ss,0.3013389510,head_l8,0.3102019204,0.8862969389,0.3013389510,head_l8,0.3102019204,0.8862969389,med_vs_med,0.3013389510,0.8862969389,1
526,_round526_fastdiscover_records.jsonl,mbpp_longctx_seed104_repair,mbpp_longctx,0.1154277821,head_l8,0.1603211603,4.4893378227,0.1857142857,head_l8,0.2452741703,5.9559884560,med_vs_med,0.1857142857,5.9559884560,1
527,_round527_fastdiscover_records.jsonl,hotpot_seed90_discovery,hotpot,0.1047533548,head_l8,0.1265828766,2.1829521830,0.1207200929,head_l8,0.1265828766,0.5862783668,med_vs_med,0.1207200929,0.5862783668,1
528,_round528_fastdiscover_records.jsonl,protein_ss_seed261_discovery,protein_ss,0.2786426536,scalar_l8_sched_cos,0.3600171956,8.1374541910,0.2786426536,scalar_l8_sched_cos,0.3600171956,8.1374541910,med_vs_med,0.2786426536,8.1374541910,1
529,_round529_fastdiscover_records.jsonl,mbpp_seed148_headprobe,mbpp,0.4036258103,head_l10_strong,0.4335896276,2.9963817277,0.4989308661,head_l10_strong,0.5273022885,2.8371422471,med_vs_med,0.4989308661,2.8371422471,1
530,_round530_fastdiscover_records.jsonl,protein_ss_seed262_discovery,protein_ss,0.2910336252,scalar_l8_train1e4,0.3148529711,2.3819345887,0.2910336252,scalar_l8_train1e4,0.3148529711,2.3819345887,med_vs_med,0.2910336252,2.3819345887,1
531,_round531_fastdiscover_records.jsonl,hotpot_seed91_discovery,hotpot,0.0765608266,scalar_l8_train1e4,0.1009891010,2.4428274428,0.0940645774,scalar_l8_train1e4,0.1009891010,0.6924523591,med_vs_med,0.0940645774,0.6924523591,1
531,_round531_fastdiscover_records.jsonl,mbpp_longctx_seed105_repair,mbpp_longctx,0.1347664681,scalar_l8_sched_cos,0.2090995424,7.4333074333,0.2111471861,scalar_l8_sched_cos,0.2384920635,2.7344877345,med_vs_med,0.2111471861,2.7344877345,1
534,_round534_fastdiscover_records.jsonl,mbpp_longctx_seed106_repair,mbpp_longctx,0.1486661487,head_l8,0.1673141673,1.8648018648,0.1906221019,head_l8,0.2775252525,8.6903150613,med_vs_med,0.1906221019,8.6903150613,1
543,_round543_fastdiscover_records.jsonl,hotpot_seed94_discovery,hotpot,0.0693167193,scalar_l8_sched_cos,0.1135418635,4.4225144225,0.0946934225,scalar_l8_sched_cos,0.1135418635,1.8848441022,med_vs_med,0.0946934225,1.8848441022,1
544,_round544_fastdiscover_records.jsonl,protein_ss_seed267_discovery,protein_ss,0.2568821894,scalar_l8_train1e4,0.2769557441,2.0073554613,0.2568821894,scalar_l8_train1e4,0.2799330887,2.3050899242,med_vs_med,0.2568821894,2.3050899242,1
545,_round545_fastdiscover_records.jsonl,mbpp_seed152_headprobe,mbpp,0.3989904472,scalar_l8_train1e4,0.4486539297,4.9663482414,0.4674418163,scalar_l8_train1e4,0.4712948454,0.3853029044,med_vs_med,0.4674418163,0.3853029044,1
550,_round550_fastdiscover_records.jsonl,protein_ss_seed270_discovery,protein_ss,0.2786995534,scalar_l8_sched_cos,0.2933964184,1.4696865026,0.2786995534,scalar_l8_sched_cos,0.2933964184,1.4696865026,med_vs_med,0.2786995534,1.4696865026,1
551,_round551_fastdiscover_records.jsonl,arc_mc_seed202_discovery,arc_mc,0.3333333333,scalar_l8_train1e4,0.4166666667,8.3333333333,0.4166666667,scalar_l8_train1e4,0.4583333333,4.1666666667,med_vs_med,0.4166666667,4.1666666667,1
552,_round552_fastdiscover_records.jsonl,protein_ss_seed271_discovery,protein_ss,0.2874587644,scalar_l8_train1e4,0.3108191151,2.3360350663,0.2874587644,scalar_l8_train1e4,0.3108191151,2.3360350663,med_vs_med,0.2874587644,2.3360350663,1
554,_round554_fastdiscover_records.jsonl,protein_ss_seed272_discovery,protein_ss,0.2757025302,scalar_l8_train1e4,0.3192041010,4.3501570755,0.2986766247,scalar_l8_train1e4,0.3192041010,2.0527476246,med_vs_med,0.2986766247,2.0527476246,1
556,_round556_fastdiscover_records.jsonl,mbpp_seed159_headprobe,mbpp,0.4185511835,scalar_l8_train1e4,0.4286521936,1.0101010101,0.4660885800,scalar_l8_train1e4,0.4842453286,1.8156748668,med_vs_med,0.4660885800,1.8156748668,1
557,_round557_fastdiscover_records.jsonl,arc_mc_seed205_discovery,arc_mc,0.3333333333,scalar_l8_train8e5,0.4166666667,8.3333333333,0.3333333333,scalar_l8_train8e5,0.4166666667,8.3333333333,med_vs_med,0.3333333333,8.3333333333,1
557,_round557_fastdiscover_records.jsonl,mbpp_longctx_seed113_repair,mbpp_longctx,0.1385651386,head_l8,0.1549684883,1.6403349737,0.1601010101,head_l8,0.1957875458,3.5686535687,med_vs_med,0.1601010101,3.5686535687,1
558,_round558_fastdiscover_records.jsonl,mbpp_seed160_anchor,mbpp,0.4023058623,scalar_l8_sched_cos,0.4210387457,1.8732883407,0.4590851743,scalar_l8_sched_cos,0.4747444402,1.5659265817,med_vs_med,0.4590851743,1.5659265817,1
559,_round559_fastdiscover_records.jsonl,mbpp_seed161_headprobe,mbpp,0.4185888738,scalar_l8_sched_cos,0.4336650083,1.5076134479,0.4570844562,scalar_l8_sched_cos,0.4585894226,0.1504966389,med_vs_med,0.4570844562,0.1504966389,1
561,_round561_fastdiscover_records.jsonl,mbpp_seed162_headprobe,mbpp,0.3984622343,scalar_l8_train1e4,0.4148111999,1.6348965619,0.4578846809,scalar_l8_train1e4,0.4698317619,1.1947081068,med_vs_med,0.4578846809,1.1947081068,1
563,_round563_fastdiscover_records.jsonl,mbpp_seed163_anchor,mbpp,0.3915238211,head_l10_strong,0.4228180634,3.1294242252,0.4696989749,head_l10_strong,0.4758321025,0.6133127580,med_vs_med,0.4696989749,0.6133127580,1
566,_round566_fastdiscover_records.jsonl,mbpp_seed165_anchor,mbpp,0.4085632444,scalar_l8_sched_cos,0.4235639982,1.5000753807,0.4730056362,scalar_l8_sched_cos,0.4870872353,1.4081599161,med_vs_med,0.4730056362,1.4081599161,1
567,_round567_fastdiscover_records.jsonl,mbpp_seed166_headprobe,mbpp,0.4134252978,scalar_l8_sched_cos,0.4285768129,1.5151515152,0.4555981856,scalar_l8_sched_cos,0.4714390175,1.5840831912,med_vs_med,0.4555981856,1.5840831912,1
569,_round569_fastdiscover_records.jsonl,arc_mc_seed211_repro,arc_mc,0.3333333333,scalar_l8_train1e4,0.4166666667,8.3333333333,0.3333333333,scalar_l8_train1e4,0.4166666667,8.3333333333,med_vs_med,0.3333333333,8.3333333333,1
